{"fault_category": "stress test", "fault_type": "cpu stress", "instance_type": "service", "service": "emailservice", "instance": "emailservice", "source": "", "destination": "", "start_time": "2025-06-05T16:10:02Z", "end_time": "2025-06-05T16:31:02Z", "uuid": "345fbe93-80", "key_observation": {"metric": ["rrt+", "max_rrt+"]}, "key_observations": [{"type": "trace", "subtype": "latency_anomalies", "keyword": ["checkoutservice-2", "emailservice-0", "emailservice-1", "emailservice-2"]}]}
{"fault_category": "network attack", "fault_type": "network corrupt", "instance_type": "service", "service": "", "instance": ["checkoutservice", "shippingservice"], "source": "checkoutservice", "destination": "shippingservice", "start_time": "2025-06-05T17:10:04Z", "end_time": "2025-06-05T17:33:04Z", "uuid": "74a44ae7-81", "key_observation": {"metric": ["rrt+", "max_rrt+", "request-", "response-", "timeout+"]}, "key_observations": [{"type": "log", "keyword": ["error"]}, {"type": "trace", "subtype": "latency_anomalies", "keyword": ["checkoutservice-2", "frontend-0", "frontend-1", "frontend-2"]}]}
{"fault_category": "pod fault", "fault_type": "pod failure", "instance_type": "service", "service": "cartservice", "instance": "cartservice", "source": "", "destination": "", "start_time": "2025-06-05T18:10:05Z", "end_time": "2025-06-05T18:34:05Z", "uuid": "38ee3d45-82", "key_observation": {"upstream_metric": ["rrt+", "max_rrt+", "request-", "response-", "timeout+", "server_error+", "error+"]}, "key_observations": [{"type": "log", "keyword": ["error"]}, {"type": "trace", "subtype": "request_proportion_anomalies", "keyword": ["checkoutservice-2", "frontend-0", "frontend-1", "frontend-2"]}]}
{"fault_category": "node fault", "fault_type": "node memory", "instance_type": "node", "service": "", "instance": "aiops-k8s-06", "source": "", "destination": "", "start_time": "2025-06-05T19:10:07Z", "end_time": "2025-06-05T19:33:07Z", "uuid": "b1ab098d-83", "key_observations": []}
{"fault_category": "network attack", "fault_type": "network corrupt", "instance_type": "service", "service": "", "instance": ["checkoutservice", "paymentservice"], "source": "checkoutservice", "destination": "paymentservice", "start_time": "2025-06-05T20:10:09Z", "end_time": "2025-06-05T20:34:09Z", "uuid": "27956295-84", "key_observation": {"metric": ["rrt+", "max_rrt+", "request-", "response-", "timeout+"]}, "key_observations": [{"type": "log", "keyword": ["error"]}, {"type": "trace", "subtype": "latency_anomalies", "keyword": ["checkoutservice-2", "frontend-0", "frontend-1", "frontend-2"]}]}
{"fault_category": "network attack", "fault_type": "network delay", "instance_type": "service", "service": "", "instance": ["frontend", "productcatalogservice"], "source": "frontend", "destination": "productcatalogservice", "start_time": "2025-06-05T21:10:10Z", "end_time": "2025-06-05T21:23:10Z", "uuid": "8a7a8a00-85", "key_observation": {"metric": ["rrt+", "max_rrt+", "request-", "response-", "client_error+"]}, "key_observations": [{"type": "trace", "subtype": "latency_anomalies", "keyword": ["frontend-0", "frontend-1", "frontend-2"]}]}
{"fault_category": "node fault", "fault_type": "node cpu", "instance_type": "node", "service": "", "instance": "aiops-k8s-03", "source": "", "destination": "", "start_time": "2025-06-05T23:10:13Z", "end_time": "2025-06-05T23:24:13Z", "uuid": "ef2a4fbb-87", "key_observations": []}
{"fault_category": "stress test", "fault_type": "cpu stress", "instance_type": "service", "service": "currencyservice", "instance": "currencyservice", "source": "", "destination": "", "start_time": "2025-06-06T00:10:14Z", "end_time": "2025-06-06T00:29:14Z", "uuid": "233e0282-88", "key_observation": {"metric": ["rrt+", "max_rrt+", "request-", "response-", "timeout+"]}, "key_observations": [{"type": "metric", "category": "pod_cpu", "keyword": ["pod_cpu_usage"]}, {"type": "metric", "category": "pod_process", "keyword": ["pod_processes"]}, {"type": "metric", "category": "service_performance", "keyword": ["rrt"]}, {"type": "trace", "subtype": "latency_anomalies", "keyword": ["checkoutservice-2", "frontend-0", "frontend-1", "frontend-2"]}]}
{"fault_category": "network attack", "fault_type": "network loss", "instance_type": "service", "service": "", "instance": ["frontend", "adservice"], "source": "frontend", "destination": "adservice", "start_time": "2025-06-06T01:10:16Z", "end_time": "2025-06-06T01:21:16Z", "uuid": "5f904167-89", "key_observation": {"metric": ["rrt+", "max_rrt+", "request-", "response-"]}, "key_observations": [{"type": "metric", "category": "service_performance", "keyword": ["rrt"]}, {"type": "log", "keyword": ["error", "failed"]}, {"type": "trace", "subtype": "latency_anomalies", "keyword": ["frontend-0", "frontend-1", "frontend-2"]}]}
{"fault_category": "network attack", "fault_type": "network corrupt", "instance_type": "service", "service": "", "instance": ["checkoutservice", "shippingservice"], "source": "checkoutservice", "destination": "shippingservice", "start_time": "2025-06-06T02:02:59Z", "end_time": "2025-06-06T02:15:59Z", "uuid": "d3bd27f3-90", "key_observations": [{"type": "metric", "category": "service_performance", "keyword": ["rrt"]}, {"type": "log", "keyword": ["error"]}, {"type": "trace", "subtype": "latency_anomalies", "keyword": ["checkoutservice-2", "frontend-0", "frontend-1", "frontend-2"]}]}
{"fault_category": "stress test", "fault_type": "cpu stress", "instance_type": "service", "service": "emailservice", "instance": "emailservice", "source": "", "destination": "", "start_time": "2025-06-06T03:03:01Z", "end_time": "2025-06-06T03:17:01Z", "uuid": "26c9ab68-91", "key_observations": [{"type": "metric", "category": "pod_process", "keyword": ["pod_processes"]}, {"type": "metric", "category": "service_performance", "keyword": ["rrt"]}, {"type": "trace", "subtype": "latency_anomalies", "keyword": ["checkoutservice-2", "emailservice-0", "emailservice-2"]}]}
{"fault_category": "pod fault", "fault_type": "pod kill", "instance_type": "service", "service": "productcatalogservice", "instance": "productcatalogservice", "source": "", "destination": "", "start_time": "2025-06-06T04:03:03Z", "end_time": "2025-06-06T04:03:04Z", "uuid": "0718e0f9-92", "key_observation": {"metric": ["request-", "response-", "client_error+", "timeout+"]}, "key_observations": [{"type": "trace", "subtype": "latency_anomalies", "keyword": ["checkoutservice-2"]}, {"type": "trace", "subtype": "request_proportion_anomalies", "keyword": ["checkoutservice-2", "emailservice-1", "frontend-1", "frontend-2", "shippingservice-2"]}]}
{"fault_category": "stress test", "fault_type": "memory stress", "instance_type": "pod", "service": "shippingservice", "instance": ["shippingservice-0"], "source": "", "destination": "", "start_time": "2025-06-06T05:03:05Z", "end_time": "2025-06-06T05:28:05Z", "uuid": "31392fda-93", "key_observation": {"metric": ["client_error+"]}, "key_observations": [{"type": "trace", "subtype": "request_proportion_anomalies", "keyword": ["shippingservice-2"]}]}
{"fault_category": "jvm fault", "fault_type": "jvm cpu", "instance_type": "service", "service": "adservice", "instance": "adservice", "source": "", "destination": "", "start_time": "2025-06-06T06:03:07Z", "end_time": "2025-06-06T06:24:07Z", "uuid": "20622318-94", "key_observation": {"metric": ["rrt+", "max_rrt+", "client_error+"]}, "key_observations": [{"type": "metric", "category": "pod_cpu", "keyword": ["pod_cpu_usage"]}, {"type": "metric", "category": "service_performance", "keyword": ["rrt"]}, {"type": "log", "keyword": ["exception", "error", "failed"]}, {"type": "trace", "subtype": "latency_anomalies", "keyword": ["frontend-0", "frontend-1", "frontend-2"]}]}
{"fault_category": "pod fault", "fault_type": "pod kill", "instance_type": "service", "service": "shippingservice", "instance": "shippingservice", "source": "", "destination": "", "start_time": "2025-06-06T07:03:09Z", "end_time": "2025-06-06T07:03:10Z", "uuid": "c002ac2b-95", "key_observations": []}
{"fault_category": "stress test", "fault_type": "cpu stress", "instance_type": "pod", "service": "shippingservice", "instance": ["shippingservice-0"], "source": "", "destination": "", "start_time": "2025-06-06T08:03:11Z", "end_time": "2025-06-06T08:20:11Z", "uuid": "4ab999b7-96", "key_observations": [{"type": "metric", "category": "pod_process", "keyword": ["pod_processes"]}, {"type": "trace", "subtype": "latency_anomalies", "keyword": ["checkoutservice-2", "shippingservice-0"]}]}
{"fault_category": "jvm fault", "fault_type": "jvm gc", "instance_type": "pod", "service": "adservice", "instance": ["adservice-1"], "source": "", "destination": "", "start_time": "2025-06-06T09:03:13Z", "end_time": "2025-06-06T09:15:13Z", "uuid": "6ef260df-97", "key_observations": [{"type": "log", "keyword": ["exception", "error", "failed", "stall"]}]}
{"fault_category": "pod fault", "fault_type": "pod failure", "instance_type": "service", "service": "recommendationservice", "instance": "recommendationservice", "source": "", "destination": "", "start_time": "2025-06-06T10:03:14Z", "end_time": "2025-06-06T10:17:14Z", "uuid": "6375ea10-98", "key_observations": [{"type": "log", "keyword": ["error"]}, {"type": "trace", "subtype": "latency_anomalies", "keyword": ["productcatalogservice-1"]}, {"type": "trace", "subtype": "request_proportion_anomalies", "keyword": ["checkoutservice-2", "emailservice-0", "emailservice-1", "emailservice-2", "frontend-0", "frontend-1", "frontend-2", "productcatalogservice-0", "shippingservice-0", "shippingservice-1"]}]}
{"fault_category": "node fault", "fault_type": "node memory", "instance_type": "node", "service": "", "instance": "aiops-k8s-04", "source": "", "destination": "", "start_time": "2025-06-06T11:03:16Z", "end_time": "2025-06-06T11:21:16Z", "uuid": "555d145f-99", "key_observations": [{"type": "metric", "category": "node_memory", "keyword": ["node_memory_usage_rate"]}]}
{"fault_category": "network attack", "fault_type": "network corrupt", "instance_type": "service", "service": "", "instance": ["checkoutservice", "productcatalogservice"], "source": "checkoutservice", "destination": "productcatalogservice", "start_time": "2025-06-06T12:03:18Z", "end_time": "2025-06-06T12:26:18Z", "uuid": "342d4820-100", "key_observations": [{"type": "metric", "category": "service_performance", "keyword": ["rrt"]}, {"type": "log", "keyword": ["error"]}, {"type": "trace", "subtype": "latency_anomalies", "keyword": ["checkoutservice-2", "frontend-0", "frontend-1", "frontend-2"]}]}
{"fault_category": "pod fault", "fault_type": "pod kill", "instance_type": "service", "service": "recommendationservice", "instance": "recommendationservice", "source": "", "destination": "", "start_time": "2025-06-06T13:03:21Z", "end_time": "2025-06-06T13:03:22Z", "uuid": "cd81a09b-101", "key_observations": [{"type": "trace", "subtype": "request_proportion_anomalies", "keyword": ["frontend-0"]}]}
{"fault_category": "node fault", "fault_type": "node cpu", "instance_type": "node", "service": "", "instance": "aiops-k8s-01", "source": "", "destination": "", "start_time": "2025-06-06T14:03:28Z", "end_time": "2025-06-06T14:28:28Z", "uuid": "b67cbc30-102", "key_observations": [{"type": "metric", "category": "node_cpu", "keyword": ["node_cpu_usage_rate"]}]}
{"fault_category": "stress test", "fault_type": "memory stress", "instance_type": "pod", "service": "productcatalogservice", "instance": ["productcatalogservice-2"], "source": "", "destination": "", "start_time": "2025-06-06T15:03:29Z", "end_time": "2025-06-06T15:28:29Z", "uuid": "ae4abdbe-103", "key_observations": [{"type": "log", "keyword": ["error"]}, {"type": "trace", "subtype": "request_proportion_anomalies", "keyword": ["productcatalogservice-1"]}]}
{"fault_category": "pod fault", "fault_type": "pod kill", "instance_type": "service", "service": "cartservice", "instance": "cartservice", "source": "", "destination": "", "start_time": "2025-06-06T16:10:02Z", "end_time": "2025-06-06T16:10:03Z", "uuid": "d32bcd36-104", "key_observations": []}
{"fault_category": "node fault", "fault_type": "node memory", "instance_type": "node", "service": "", "instance": "aiops-k8s-03", "source": "", "destination": "", "start_time": "2025-06-06T18:10:05Z", "end_time": "2025-06-06T18:21:05Z", "uuid": "3df3b41f-105", "key_observations": [{"type": "log", "keyword": ["error", "failed"]}, {"type": "trace", "subtype": "latency_anomalies", "keyword": ["frontend-1", "frontend-2"]}]}
{"fault_category": "jvm fault", "fault_type": "jvm cpu", "instance_type": "service", "service": "adservice", "instance": "adservice", "source": "", "destination": "", "start_time": "2025-06-06T19:10:06Z", "end_time": "2025-06-06T19:33:06Z", "uuid": "744d4e2b-106", "key_observations": [{"type": "log", "keyword": ["exception", "error", "failed"]}, {"type": "trace", "subtype": "latency_anomalies", "keyword": ["frontend-0", "frontend-1", "frontend-2"]}]}
{"fault_category": "node fault", "fault_type": "node disk fill", "instance_type": "node", "service": "", "instance": "aiops-k8s-06", "source": "", "destination": "", "start_time": "2025-06-06T21:10:18Z", "end_time": "2025-06-06T21:22:18Z", "uuid": "462e3353-107", "key_observations": []}
{"fault_category": "node fault", "fault_type": "node disk fill", "instance_type": "node", "service": "", "instance": "aiops-k8s-06", "source": "", "destination": "", "start_time": "2025-06-06T22:10:20Z", "end_time": "2025-06-06T22:23:20Z", "uuid": "271c6b09-108", "key_observations": []}
{"fault_category": "network attack", "fault_type": "network loss", "instance_type": "service", "service": "", "instance": ["frontend", "cartservice"], "source": "frontend", "destination": "cartservice", "start_time": "2025-06-06T23:10:21Z", "end_time": "2025-06-06T23:34:21Z", "uuid": "55791019-109", "key_observations": [{"type": "log", "keyword": ["error"]}, {"type": "trace", "subtype": "latency_anomalies", "keyword": ["frontend-0", "frontend-1", "frontend-2"]}, {"type": "trace", "subtype": "request_proportion_anomalies", "keyword": ["checkoutservice-2", "emailservice-0", "emailservice-1", "emailservice-2", "frontend-0", "frontend-1", "frontend-2", "shippingservice-0", "shippingservice-1"]}]}
{"fault_category": "jvm fault", "fault_type": "jvm cpu", "instance_type": "service", "service": "adservice", "instance": "adservice", "source": "", "destination": "", "start_time": "2025-06-07T00:10:23Z", "end_time": "2025-06-07T00:29:23Z", "uuid": "abb62970-110", "key_observations": [{"type": "metric", "category": "pod_cpu", "keyword": ["pod_cpu_usage"]}, {"type": "log", "keyword": ["exception", "error", "failed"]}, {"type": "trace", "subtype": "latency_anomalies", "keyword": ["frontend-0", "frontend-1", "frontend-2"]}]}
{"fault_category": "node fault", "fault_type": "node memory", "instance_type": "node", "service": "", "instance": "aiops-k8s-01", "source": "", "destination": "", "start_time": "2025-06-07T01:10:25Z", "end_time": "2025-06-07T01:32:25Z", "uuid": "a54c75dc-111", "key_observations": []}
{"fault_category": "pod fault", "fault_type": "pod failure", "instance_type": "service", "service": "recommendationservice", "instance": "recommendationservice", "source": "", "destination": "", "start_time": "2025-06-07T02:10:26Z", "end_time": "2025-06-07T02:27:26Z", "uuid": "f48a6b60-112", "key_observations": [{"type": "log", "keyword": ["error"]}, {"type": "trace", "subtype": "request_proportion_anomalies", "keyword": ["checkoutservice-2", "emailservice-0", "emailservice-1", "emailservice-2", "frontend-0", "frontend-1", "frontend-2", "productcatalogservice-0", "productcatalogservice-2", "shippingservice-0", "shippingservice-1"]}]}
{"fault_category": "network attack", "fault_type": "network corrupt", "instance_type": "service", "service": "", "instance": ["cartservice", "redis-cart"], "source": "cartservice", "destination": "redis-cart", "start_time": "2025-06-07T03:10:28Z", "end_time": "2025-06-07T03:20:28Z", "uuid": "dc62e30c-113", "key_observations": [{"type": "metric", "category": "service_performance", "keyword": ["rrt", "timeout"]}, {"type": "log", "keyword": ["exception", "timeout", "error", "failed"]}, {"type": "trace", "subtype": "latency_anomalies", "keyword": ["checkoutservice-2", "frontend-0", "frontend-1", "frontend-2", "recommendationservice-2"]}, {"type": "trace", "subtype": "request_proportion_anomalies", "keyword": ["checkoutservice-2", "frontend-0", "frontend-1", "frontend-2"]}]}
{"fault_category": "node fault", "fault_type": "node memory", "instance_type": "node", "service": "", "instance": "aiops-k8s-08", "source": "", "destination": "", "start_time": "2025-06-07T04:10:30Z", "end_time": "2025-06-07T04:26:30Z", "uuid": "bc2f1dfa-114", "key_observations": []}
{"fault_category": "network attack", "fault_type": "network corrupt", "instance_type": "service", "service": "", "instance": ["frontend", "productcatalogservice"], "source": "frontend", "destination": "productcatalogservice", "start_time": "2025-06-07T05:10:31Z", "end_time": "2025-06-07T05:27:31Z", "uuid": "541f72de-115", "key_observations": [{"type": "metric", "category": "service_performance", "keyword": ["rrt"]}, {"type": "log", "keyword": ["error"]}, {"type": "trace", "subtype": "latency_anomalies", "keyword": ["frontend-0", "frontend-1", "frontend-2"]}, {"type": "trace", "subtype": "request_proportion_anomalies", "keyword": ["checkoutservice-2", "emailservice-0", "emailservice-1", "emailservice-2", "frontend-0", "frontend-1", "frontend-2", "shippingservice-0", "shippingservice-1"]}]}
{"fault_category": "network attack", "fault_type": "network corrupt", "instance_type": "service", "service": "", "instance": ["checkoutservice", "paymentservice"], "source": "checkoutservice", "destination": "paymentservice", "start_time": "2025-06-07T06:10:33Z", "end_time": "2025-06-07T06:35:33Z", "uuid": "e2750b43-116", "key_observations": [{"type": "metric", "category": "service_performance", "keyword": ["rrt"]}, {"type": "log", "keyword": ["error"]}, {"type": "trace", "subtype": "latency_anomalies", "keyword": ["checkoutservice-2", "frontend-0", "frontend-1", "frontend-2"]}, {"type": "trace", "subtype": "request_proportion_anomalies", "keyword": ["frontend-1"]}]}
{"fault_category": "network attack", "fault_type": "network loss", "instance_type": "service", "service": "", "instance": ["frontend", "cartservice"], "source": "frontend", "destination": "cartservice", "start_time": "2025-06-07T07:10:35Z", "end_time": "2025-06-07T07:32:35Z", "uuid": "a363d826-117", "key_observations": [{"type": "metric", "category": "service_performance", "keyword": ["rrt"]}, {"type": "log", "keyword": ["error"]}, {"type": "trace", "subtype": "latency_anomalies", "keyword": ["frontend-0", "frontend-1", "frontend-2", "productcatalogservice-2"]}, {"type": "trace", "subtype": "request_proportion_anomalies", "keyword": ["checkoutservice-2", "emailservice-0", "emailservice-1", "emailservice-2", "frontend-0", "frontend-1", "frontend-2", "shippingservice-0", "shippingservice-1"]}]}
{"fault_category": "network attack", "fault_type": "network delay", "instance_type": "service", "service": "", "instance": ["frontend", "recommendationservice"], "source": "frontend", "destination": "recommendationservice", "start_time": "2025-06-07T08:10:37Z", "end_time": "2025-06-07T08:27:37Z", "uuid": "dc331a0b-118", "key_observations": [{"type": "metric", "category": "service_performance", "keyword": ["rrt"]}, {"type": "trace", "subtype": "latency_anomalies", "keyword": ["frontend-0", "frontend-1", "frontend-2"]}]}
{"fault_category": "node fault", "fault_type": "node cpu", "instance_type": "node", "service": "", "instance": "aiops-k8s-07", "source": "", "destination": "", "start_time": "2025-06-07T09:10:39Z", "end_time": "2025-06-07T09:26:39Z", "uuid": "f18b68cd-119", "key_observations": [{"type": "metric", "category": "node_cpu", "keyword": ["node_cpu_usage_rate"]}]}
{"fault_category": "node fault", "fault_type": "node disk fill", "instance_type": "node", "service": "", "instance": "aiops-k8s-04", "source": "", "destination": "", "start_time": "2025-06-07T10:10:40Z", "end_time": "2025-06-07T10:26:40Z", "uuid": "a85d0720-120", "key_observations": [{"type": "metric", "category": "node_filesystem", "keyword": ["node_filesystem_usage_rate"]}]}
{"fault_category": "stress test", "fault_type": "cpu stress", "instance_type": "service", "service": "emailservice", "instance": "emailservice", "source": "", "destination": "", "start_time": "2025-06-07T11:10:41Z", "end_time": "2025-06-07T11:32:41Z", "uuid": "66cfe1dd-121", "key_observations": [{"type": "metric", "category": "pod_process", "keyword": ["pod_processes"]}, {"type": "metric", "category": "service_performance", "keyword": ["rrt"]}, {"type": "trace", "subtype": "latency_anomalies", "keyword": ["checkoutservice-2", "emailservice-0", "emailservice-2"]}]}
{"fault_category": "node fault", "fault_type": "node memory", "instance_type": "node", "service": "", "instance": "aiops-k8s-03", "source": "", "destination": "", "start_time": "2025-06-07T12:10:44Z", "end_time": "2025-06-07T12:21:44Z", "uuid": "8cf433b4-122", "key_observations": [{"type": "metric", "category": "node_memory", "keyword": ["node_memory_usage_rate"]}]}
{"fault_category": "network attack", "fault_type": "network delay", "instance_type": "service", "service": "", "instance": ["checkoutservice", "emailservice"], "source": "checkoutservice", "destination": "emailservice", "start_time": "2025-06-07T13:11:01Z", "end_time": "2025-06-07T13:21:01Z", "uuid": "bc454cd0-123", "key_observations": [{"type": "metric", "category": "service_performance", "keyword": ["rrt"]}, {"type": "trace", "subtype": "latency_anomalies", "keyword": ["checkoutservice-2", "frontend-0", "frontend-1", "frontend-2"]}]}
{"fault_category": "network attack", "fault_type": "network loss", "instance_type": "service", "service": "", "instance": ["checkoutservice", "shippingservice"], "source": "checkoutservice", "destination": "shippingservice", "start_time": "2025-06-07T14:11:03Z", "end_time": "2025-06-07T14:34:03Z", "uuid": "ad84546c-124", "key_observations": [{"type": "metric", "category": "service_performance", "keyword": ["rrt"]}, {"type": "log", "keyword": ["error"]}, {"type": "trace", "subtype": "latency_anomalies", "keyword": ["checkoutservice-2", "frontend-0", "frontend-1", "frontend-2", "shippingservice-0"]}, {"type": "trace", "subtype": "request_proportion_anomalies", "keyword": ["frontend-2"]}]}
{"fault_category": "stress test", "fault_type": "cpu stress", "instance_type": "service", "service": "recommendationservice", "instance": "recommendationservice", "source": "", "destination": "", "start_time": "2025-06-07T15:11:05Z", "end_time": "2025-06-07T15:33:05Z", "uuid": "0fccdcad-125", "key_observations": [{"type": "metric", "category": "pod_process", "keyword": ["pod_processes"]}, {"type": "metric", "category": "service_performance", "keyword": ["rrt"]}, {"type": "metric", "category": "pod_cpu", "keyword": ["pod_cpu_usage"]}, {"type": "trace", "subtype": "latency_anomalies", "keyword": ["checkoutservice-2", "frontend-0", "frontend-1", "frontend-2", "recommendationservice-0", "recommendationservice-2"]}]}
{"fault_category": "stress test", "fault_type": "memory stress", "instance_type": "service", "service": "paymentservice", "instance": "paymentservice", "source": "", "destination": "", "start_time": "2025-06-07T16:10:02Z", "end_time": "2025-06-07T16:32:02Z", "uuid": "de4a919c-126", "key_observations": [{"type": "log", "keyword": ["error"]}]}
{"fault_category": "network attack", "fault_type": "network loss", "instance_type": "service", "service": "", "instance": ["frontend", "adservice"], "source": "frontend", "destination": "adservice", "start_time": "2025-06-07T17:10:04Z", "end_time": "2025-06-07T17:22:04Z", "uuid": "8d818070-127", "key_observations": [{"type": "log", "keyword": ["error", "failed"]}, {"type": "trace", "subtype": "latency_anomalies", "keyword": ["frontend-0", "frontend-1", "frontend-2"]}]}
{"fault_category": "network attack", "fault_type": "network loss", "instance_type": "service", "service": "", "instance": ["frontend", "checkoutservice"], "source": "frontend", "destination": "checkoutservice", "start_time": "2025-06-07T18:10:06Z", "end_time": "2025-06-07T18:23:06Z", "uuid": "c1e7d172-128", "key_observations": [{"type": "log", "keyword": ["error"]}, {"type": "trace", "subtype": "latency_anomalies", "keyword": ["frontend-0", "frontend-1", "frontend-2"]}]}
{"fault_category": "jvm fault", "fault_type": "jvm exception", "instance_type": "service", "service": "adservice", "instance": "adservice", "source": "", "destination": "", "start_time": "2025-06-07T19:10:08Z", "end_time": "2025-06-07T19:24:08Z", "uuid": "343ba04c-129", "key_observations": [{"type": "log", "keyword": ["exception", "error", "failed", "stall"]}]}
{"fault_category": "node fault", "fault_type": "node memory", "instance_type": "node", "service": "", "instance": "aiops-k8s-06", "source": "", "destination": "", "start_time": "2025-06-07T20:10:10Z", "end_time": "2025-06-07T20:34:10Z", "uuid": "725d8034-130", "key_observations": []}
{"fault_category": "node fault", "fault_type": "node disk fill", "instance_type": "node", "service": "", "instance": "aiops-k8s-08", "source": "", "destination": "", "start_time": "2025-06-07T21:10:11Z", "end_time": "2025-06-07T21:22:11Z", "uuid": "08e3187d-131", "key_observations": []}
{"fault_category": "node fault", "fault_type": "node memory", "instance_type": "node", "service": "", "instance": "aiops-k8s-07", "source": "", "destination": "", "start_time": "2025-06-07T22:10:12Z", "end_time": "2025-06-07T22:21:12Z", "uuid": "21aa302f-132", "key_observations": []}
{"fault_category": "network attack", "fault_type": "network delay", "instance_type": "service", "service": "", "instance": ["checkoutservice", "emailservice"], "source": "checkoutservice", "destination": "emailservice", "start_time": "2025-06-07T23:10:13Z", "end_time": "2025-06-07T23:29:13Z", "uuid": "fc44280d-133", "key_observations": [{"type": "trace", "subtype": "latency_anomalies", "keyword": ["checkoutservice-2", "frontend-0", "frontend-1", "frontend-2"]}]}
{"fault_category": "jvm fault", "fault_type": "jvm latency", "instance_type": "pod", "service": "adservice", "instance": ["adservice-1"], "source": "", "destination": "", "start_time": "2025-06-08T00:10:15Z", "end_time": "2025-06-08T00:26:15Z", "uuid": "36937f85-134", "key_observations": [{"type": "log", "keyword": ["exception", "error", "failed"]}]}
{"fault_category": "pod fault", "fault_type": "pod failure", "instance_type": "service", "service": "recommendationservice", "instance": "recommendationservice", "source": "", "destination": "", "start_time": "2025-06-08T01:10:17Z", "end_time": "2025-06-08T01:31:17Z", "uuid": "3400061d-135", "key_observations": [{"type": "log", "keyword": ["error"]}, {"type": "trace", "subtype": "latency_anomalies", "keyword": ["productcatalogservice-2"]}, {"type": "trace", "subtype": "request_proportion_anomalies", "keyword": ["checkoutservice-2", "emailservice-0", "emailservice-1", "emailservice-2", "frontend-0", "frontend-1", "frontend-2", "productcatalogservice-1", "shippingservice-0", "shippingservice-1"]}]}
{"fault_category": "pod fault", "fault_type": "pod failure", "instance_type": "pod", "service": "shippingservice", "instance": ["shippingservice-2"], "source": "", "destination": "", "start_time": "2025-06-08T02:10:19Z", "end_time": "2025-06-08T02:24:19Z", "uuid": "42c6ad6f-136", "key_observations": [{"type": "log", "keyword": ["error"]}, {"type": "trace", "subtype": "request_proportion_anomalies", "keyword": ["shippingservice-1"]}]}
{"fault_category": "node fault", "fault_type": "node memory", "instance_type": "node", "service": "", "instance": "aiops-k8s-05", "source": "", "destination": "", "start_time": "2025-06-08T03:10:21Z", "end_time": "2025-06-08T03:21:21Z", "uuid": "f99b1645-137", "key_observations": []}
{"fault_category": "jvm fault", "fault_type": "jvm exception", "instance_type": "service", "service": "adservice", "instance": "adservice", "source": "", "destination": "", "start_time": "2025-06-08T04:10:22Z", "end_time": "2025-06-08T04:23:22Z", "uuid": "2272a5ff-138", "key_observations": [{"type": "log", "keyword": ["exception", "error", "failed", "stall"]}]}
{"fault_category": "jvm fault", "fault_type": "jvm gc", "instance_type": "pod", "service": "adservice", "instance": ["adservice-2"], "source": "", "destination": "", "start_time": "2025-06-08T05:10:24Z", "end_time": "2025-06-08T05:25:24Z", "uuid": "cc3b1830-139", "key_observations": [{"type": "log", "keyword": ["exception", "error", "failed", "stall"]}]}
{"fault_category": "node fault", "fault_type": "node memory", "instance_type": "node", "service": "", "instance": "aiops-k8s-07", "source": "", "destination": "", "start_time": "2025-06-08T06:10:26Z", "end_time": "2025-06-08T06:30:26Z", "uuid": "6f84e51d-140", "key_observations": []}
{"fault_category": "node fault", "fault_type": "node memory", "instance_type": "node", "service": "", "instance": "aiops-k8s-05", "source": "", "destination": "", "start_time": "2025-06-08T07:10:28Z", "end_time": "2025-06-08T07:33:28Z", "uuid": "5b520645-141", "key_observations": [{"type": "trace", "subtype": "latency_anomalies", "keyword": ["frontend-0"]}]}
{"fault_category": "stress test", "fault_type": "memory stress", "instance_type": "pod", "service": "productcatalogservice", "instance": ["productcatalogservice-2"], "source": "", "destination": "", "start_time": "2025-06-08T08:10:29Z", "end_time": "2025-06-08T08:35:29Z", "uuid": "ba74cb57-142", "key_observations": [{"type": "log", "keyword": ["error"]}]}
{"fault_category": "network attack", "fault_type": "network corrupt", "instance_type": "service", "service": "", "instance": ["frontend", "recommendationservice"], "source": "frontend", "destination": "recommendationservice", "start_time": "2025-06-08T09:10:31Z", "end_time": "2025-06-08T09:32:31Z", "uuid": "fe25ee9b-143", "key_observations": [{"type": "metric", "category": "service_performance", "keyword": ["rrt"]}, {"type": "log", "keyword": ["error"]}, {"type": "trace", "subtype": "latency_anomalies", "keyword": ["frontend-0", "frontend-1", "frontend-2", "recommendationservice-0"]}, {"type": "trace", "subtype": "request_proportion_anomalies", "keyword": ["checkoutservice-2", "emailservice-0", "emailservice-1", "emailservice-2", "frontend-0", "frontend-1", "frontend-2", "productcatalogservice-2", "shippingservice-0", "shippingservice-2"]}]}
{"fault_category": "node fault", "fault_type": "node disk fill", "instance_type": "node", "service": "", "instance": "aiops-k8s-05", "source": "", "destination": "", "start_time": "2025-06-08T10:10:48Z", "end_time": "2025-06-08T10:33:48Z", "uuid": "94d48f2c-144", "key_observations": [{"type": "metric", "category": "node_filesystem", "keyword": ["node_filesystem_usage_rate"]}]}
{"fault_category": "pod fault", "fault_type": "pod kill", "instance_type": "pod", "service": "shippingservice", "instance": ["shippingservice-2"], "source": "", "destination": "", "start_time": "2025-06-08T11:10:50Z", "end_time": "2025-06-08T11:10:51Z", "uuid": "f066e1dd-145", "key_observations": [{"type": "trace", "subtype": "request_proportion_anomalies", "keyword": ["frontend-1", "frontend-2"]}]}
{"fault_category": "stress test", "fault_type": "memory stress", "instance_type": "service", "service": "recommendationservice", "instance": "recommendationservice", "source": "", "destination": "", "start_time": "2025-06-08T12:10:52Z", "end_time": "2025-06-08T12:20:52Z", "uuid": "ad13b37a-146", "key_observations": [{"type": "metric", "category": "pod_process", "keyword": ["pod_processes"]}, {"type": "metric", "category": "service_performance", "keyword": ["request", "response"]}, {"type": "trace", "subtype": "latency_anomalies", "keyword": ["productcatalogservice-1"]}, {"type": "trace", "subtype": "request_proportion_anomalies", "keyword": ["productcatalogservice-2"]}]}
{"fault_category": "pod fault", "fault_type": "pod failure", "instance_type": "service", "service": "cartservice", "instance": "cartservice", "source": "", "destination": "", "start_time": "2025-06-08T13:10:54Z", "end_time": "2025-06-08T13:30:54Z", "uuid": "dce5cefa-147", "key_observations": [{"type": "metric", "category": "service_performance", "keyword": ["timeout"]}, {"type": "log", "keyword": ["error"]}]}
{"fault_category": "stress test", "fault_type": "memory stress", "instance_type": "pod", "service": "paymentservice", "instance": ["paymentservice-0"], "source": "", "destination": "", "start_time": "2025-06-08T14:10:55Z", "end_time": "2025-06-08T14:29:55Z", "uuid": "50f000ee-148", "key_observations": [{"type": "log", "keyword": ["error"]}]}
{"fault_category": "jvm fault", "fault_type": "jvm exception", "instance_type": "service", "service": "adservice", "instance": "adservice", "source": "", "destination": "", "start_time": "2025-06-08T15:10:57Z", "end_time": "2025-06-08T15:22:57Z", "uuid": "0a373d08-149", "key_observations": []}
{"fault_category": "jvm fault", "fault_type": "jvm latency", "instance_type": "service", "service": "adservice", "instance": "adservice", "source": "", "destination": "", "start_time": "2025-06-08T16:10:02Z", "end_time": "2025-06-08T16:25:02Z", "uuid": "9a257bd5-150", "key_observations": [{"type": "log", "keyword": ["exception", "error", "failed"]}]}
{"fault_category": "pod fault", "fault_type": "pod kill", "instance_type": "service", "service": "productcatalogservice", "instance": "productcatalogservice", "source": "", "destination": "", "start_time": "2025-06-08T17:10:04Z", "end_time": "2025-06-08T17:10:05Z", "uuid": "162fe36a-151", "key_observations": []}
{"fault_category": "jvm fault", "fault_type": "jvm exception", "instance_type": "pod", "service": "adservice", "instance": ["adservice-0"], "source": "", "destination": "", "start_time": "2025-06-08T18:10:05Z", "end_time": "2025-06-08T18:29:05Z", "uuid": "eba76009-152", "key_observations": [{"type": "log", "keyword": ["exception", "error", "failed", "stall"]}]}
{"fault_category": "jvm fault", "fault_type": "jvm gc", "instance_type": "service", "service": "adservice", "instance": "adservice", "source": "", "destination": "", "start_time": "2025-06-08T19:10:07Z", "end_time": "2025-06-08T19:31:07Z", "uuid": "168cdf19-153", "key_observations": [{"type": "log", "keyword": ["exception", "error", "failed", "stall"]}]}
{"fault_category": "network attack", "fault_type": "network corrupt", "instance_type": "service", "service": "", "instance": ["checkoutservice", "cartservice"], "source": "checkoutservice", "destination": "cartservice", "start_time": "2025-06-08T20:10:18Z", "end_time": "2025-06-08T20:29:18Z", "uuid": "05b57997-154", "key_observations": [{"type": "log", "keyword": ["error"]}]}
{"fault_category": "stress test", "fault_type": "memory stress", "instance_type": "pod", "service": "cartservice", "instance": ["cartservice-1"], "source": "", "destination": "", "start_time": "2025-06-08T21:10:21Z", "end_time": "2025-06-08T21:33:21Z", "uuid": "54002a5c-155", "key_observations": []}
{"fault_category": "network attack", "fault_type": "network delay", "instance_type": "service", "service": "", "instance": ["checkoutservice", "emailservice"], "source": "checkoutservice", "destination": "emailservice", "start_time": "2025-06-08T22:10:23Z", "end_time": "2025-06-08T22:35:23Z", "uuid": "934844b2-156", "key_observations": []}
{"fault_category": "node fault", "fault_type": "node disk fill", "instance_type": "node", "service": "", "instance": "aiops-k8s-07", "source": "", "destination": "", "start_time": "2025-06-08T23:10:24Z", "end_time": "2025-06-08T23:24:24Z", "uuid": "1c47d7bf-157", "key_observations": []}
{"fault_category": "jvm fault", "fault_type": "jvm gc", "instance_type": "pod", "service": "adservice", "instance": ["adservice-0"], "source": "", "destination": "", "start_time": "2025-06-09T00:10:25Z", "end_time": "2025-06-09T00:34:25Z", "uuid": "3600f326-158", "key_observations": [{"type": "log", "keyword": ["exception", "error", "failed", "stall"]}]}
{"fault_category": "network attack", "fault_type": "network delay", "instance_type": "service", "service": "", "instance": ["frontend", "cartservice"], "source": "frontend", "destination": "cartservice", "start_time": "2025-06-09T01:10:27Z", "end_time": "2025-06-09T01:20:27Z", "uuid": "a9c6d6c9-159", "key_observations": [{"type": "metric", "category": "service_performance", "keyword": ["rrt"]}, {"type": "trace", "subtype": "latency_anomalies", "keyword": ["frontend-0", "frontend-1", "frontend-2"]}]}
{"fault_category": "stress test", "fault_type": "memory stress", "instance_type": "pod", "service": "productcatalogservice", "instance": ["productcatalogservice-2"], "source": "", "destination": "", "start_time": "2025-06-09T02:10:29Z", "end_time": "2025-06-09T02:22:29Z", "uuid": "0efb9550-160", "key_observations": [{"type": "metric", "category": "pod_process", "keyword": ["pod_processes"]}]}
{"fault_category": "jvm fault", "fault_type": "jvm cpu", "instance_type": "service", "service": "adservice", "instance": "adservice", "source": "", "destination": "", "start_time": "2025-06-09T03:10:31Z", "end_time": "2025-06-09T03:29:31Z", "uuid": "cb5815ce-161", "key_observations": [{"type": "metric", "category": "pod_cpu", "keyword": ["pod_cpu_usage"]}, {"type": "metric", "category": "pod_network", "keyword": ["pod_network_transmit_packets"]}, {"type": "metric", "category": "service_performance", "keyword": ["rrt"]}, {"type": "log", "keyword": ["exception", "error", "failed"]}, {"type": "trace", "subtype": "latency_anomalies", "keyword": ["frontend-0", "frontend-1", "frontend-2"]}]}
{"fault_category": "node fault", "fault_type": "node cpu", "instance_type": "node", "service": "", "instance": "aiops-k8s-05", "source": "", "destination": "", "start_time": "2025-06-09T04:10:33Z", "end_time": "2025-06-09T04:28:33Z", "uuid": "89c85406-162", "key_observations": [{"type": "metric", "category": "node_cpu", "keyword": ["node_cpu_usage_rate"]}]}
{"fault_category": "network attack", "fault_type": "network loss", "instance_type": "service", "service": "", "instance": ["checkoutservice", "paymentservice"], "source": "checkoutservice", "destination": "paymentservice", "start_time": "2025-06-09T05:10:35Z", "end_time": "2025-06-09T05:22:35Z", "uuid": "43e1b3bf-163", "key_observations": [{"type": "metric", "category": "service_performance", "keyword": ["rrt"]}, {"type": "log", "keyword": ["error"]}, {"type": "trace", "subtype": "latency_anomalies", "keyword": ["checkoutservice-2", "frontend-0", "frontend-1", "frontend-2"]}]}
{"fault_category": "jvm fault", "fault_type": "jvm latency", "instance_type": "service", "service": "adservice", "instance": "adservice", "source": "", "destination": "", "start_time": "2025-06-09T06:10:36Z", "end_time": "2025-06-09T06:22:36Z", "uuid": "7bdc4b83-164", "key_observations": [{"type": "metric", "category": "service_performance", "keyword": ["rrt"]}, {"type": "log", "keyword": ["exception", "error", "failed"]}, {"type": "trace", "subtype": "latency_anomalies", "keyword": ["frontend-0", "frontend-1", "frontend-2"]}]}
{"fault_category": "pod fault", "fault_type": "pod kill", "instance_type": "pod", "service": "paymentservice", "instance": ["paymentservice-1"], "source": "", "destination": "", "start_time": "2025-06-09T07:10:38Z", "end_time": "2025-06-09T07:10:39Z", "uuid": "cebb47f5-165", "key_observations": [{"type": "trace", "subtype": "latency_anomalies", "keyword": ["frontend-2", "shippingservice-1"]}, {"type": "trace", "subtype": "request_proportion_anomalies", "keyword": ["checkoutservice-2", "emailservice-2", "frontend-1", "productcatalogservice-2", "shippingservice-0"]}]}
{"fault_category": "jvm fault", "fault_type": "jvm gc", "instance_type": "pod", "service": "adservice", "instance": ["adservice-2"], "source": "", "destination": "", "start_time": "2025-06-09T08:10:40Z", "end_time": "2025-06-09T08:34:40Z", "uuid": "578fce7c-166", "key_observations": [{"type": "log", "keyword": ["exception", "error", "failed", "stall"]}]}
{"fault_category": "jvm fault", "fault_type": "jvm exception", "instance_type": "service", "service": "adservice", "instance": "adservice", "source": "", "destination": "", "start_time": "2025-06-09T09:10:42Z", "end_time": "2025-06-09T09:25:42Z", "uuid": "47fe21f6-167", "key_observations": [{"type": "log", "keyword": ["exception", "error", "failed", "stall"]}]}
{"fault_category": "jvm fault", "fault_type": "jvm cpu", "instance_type": "service", "service": "adservice", "instance": "adservice", "source": "", "destination": "", "start_time": "2025-06-09T10:10:44Z", "end_time": "2025-06-09T10:23:44Z", "uuid": "df892932-168", "key_observations": [{"type": "metric", "category": "pod_cpu", "keyword": ["pod_cpu_usage"]}, {"type": "metric", "category": "service_performance", "keyword": ["rrt"]}, {"type": "log", "keyword": ["exception", "error", "failed"]}, {"type": "trace", "subtype": "latency_anomalies", "keyword": ["frontend-0", "frontend-1", "frontend-2"]}]}
{"fault_category": "node fault", "fault_type": "node disk fill", "instance_type": "node", "service": "", "instance": "aiops-k8s-06", "source": "", "destination": "", "start_time": "2025-06-09T11:10:46Z", "end_time": "2025-06-09T11:23:46Z", "uuid": "51fc47bf-169", "key_observations": []}
{"fault_category": "stress test", "fault_type": "cpu stress", "instance_type": "service", "service": "shippingservice", "instance": "shippingservice", "source": "", "destination": "", "start_time": "2025-06-09T12:10:48Z", "end_time": "2025-06-09T12:22:48Z", "uuid": "046aefa7-170", "key_observations": [{"type": "metric", "category": "pod_process", "keyword": ["pod_processes"]}, {"type": "metric", "category": "service_performance", "keyword": ["rrt"]}]}
{"fault_category": "stress test", "fault_type": "cpu stress", "instance_type": "service", "service": "recommendationservice", "instance": "recommendationservice", "source": "", "destination": "", "start_time": "2025-06-09T13:11:07Z", "end_time": "2025-06-09T13:36:07Z", "uuid": "e0a261ce-171", "key_observations": [{"type": "metric", "category": "pod_process", "keyword": ["pod_processes"]}, {"type": "metric", "category": "pod_cpu", "keyword": ["pod_cpu_usage"]}, {"type": "metric", "category": "service_performance", "keyword": ["rrt"]}]}
{"fault_category": "jvm fault", "fault_type": "jvm latency", "instance_type": "service", "service": "adservice", "instance": "adservice", "source": "", "destination": "", "start_time": "2025-06-09T14:11:10Z", "end_time": "2025-06-09T14:24:10Z", "uuid": "a0761b38-172", "key_observations": []}
{"fault_category": "network attack", "fault_type": "network delay", "instance_type": "service", "service": "", "instance": ["checkoutservice", "paymentservice"], "source": "checkoutservice", "destination": "paymentservice", "start_time": "2025-06-09T15:11:12Z", "end_time": "2025-06-09T15:22:12Z", "uuid": "e6c9989b-173", "key_observations": [{"type": "metric", "category": "service_performance", "keyword": ["rrt"]}]}
{"fault_category": "node fault", "fault_type": "node cpu", "instance_type": "node", "service": "", "instance": "aiops-k8s-04", "source": "", "destination": "", "start_time": "2025-06-09T16:10:02Z", "end_time": "2025-06-09T16:24:02Z", "uuid": "cc451a15-174", "key_observations": []}
{"fault_category": "node fault", "fault_type": "node memory", "instance_type": "node", "service": "", "instance": "aiops-k8s-01", "source": "", "destination": "", "start_time": "2025-06-09T17:10:03Z", "end_time": "2025-06-09T17:22:03Z", "uuid": "f78ef469-175", "key_observations": []}
{"fault_category": "network attack", "fault_type": "network loss", "instance_type": "service", "service": "", "instance": ["cartservice", "redis-cart"], "source": "cartservice", "destination": "redis-cart", "start_time": "2025-06-09T18:10:04Z", "end_time": "2025-06-09T18:26:04Z", "uuid": "49a506cd-176", "key_observations": [{"type": "log", "keyword": ["exception", "timeout", "error", "failed"]}]}
{"fault_category": "jvm fault", "fault_type": "jvm gc", "instance_type": "service", "service": "adservice", "instance": "adservice", "source": "", "destination": "", "start_time": "2025-06-09T20:10:20Z", "end_time": "2025-06-09T20:35:20Z", "uuid": "6892c835-177", "key_observations": [{"type": "log", "keyword": ["exception", "error", "failed", "stall"]}]}
{"fault_category": "jvm fault", "fault_type": "jvm cpu", "instance_type": "service", "service": "adservice", "instance": "adservice", "source": "", "destination": "", "start_time": "2025-06-09T21:10:22Z", "end_time": "2025-06-09T21:28:22Z", "uuid": "d0be3c58-178", "key_observations": [{"type": "log", "keyword": ["exception", "error", "failed"]}]}
{"fault_category": "pod fault", "fault_type": "pod kill", "instance_type": "service", "service": "cartservice", "instance": "cartservice", "source": "", "destination": "", "start_time": "2025-06-09T22:10:24Z", "end_time": "2025-06-09T22:10:25Z", "uuid": "251c4f53-179", "key_observations": [{"type": "trace", "subtype": "latency_anomalies", "keyword": ["frontend-0"]}, {"type": "trace", "subtype": "request_proportion_anomalies", "keyword": ["frontend-0", "frontend-2"]}]}
{"fault_category": "node fault", "fault_type": "node cpu", "instance_type": "node", "service": "", "instance": "aiops-k8s-08", "source": "", "destination": "", "start_time": "2025-06-09T23:10:27Z", "end_time": "2025-06-09T23:24:27Z", "uuid": "994849cc-180", "key_observations": []}
{"fault_category": "network attack", "fault_type": "network corrupt", "instance_type": "service", "service": "", "instance": ["recommendationservice", "productcatalogservice"], "source": "recommendationservice", "destination": "productcatalogservice", "start_time": "2025-06-10T00:10:28Z", "end_time": "2025-06-10T00:35:28Z", "uuid": "7f595b45-181", "key_observations": [{"type": "metric", "category": "service_performance", "keyword": ["rrt"]}, {"type": "metric", "category": "service_errors", "keyword": ["client_error_ratio", "error_ratio"]}, {"type": "log", "keyword": ["exception", "error", "failed"]}, {"type": "trace", "subtype": "latency_anomalies", "keyword": ["frontend-0", "frontend-1", "frontend-2", "recommendationservice-1"]}, {"type": "trace", "subtype": "request_proportion_anomalies", "keyword": ["emailservice-1", "emailservice-2", "frontend-0", "frontend-1", "productcatalogservice-1"]}]}
{"fault_category": "network attack", "fault_type": "network delay", "instance_type": "service", "service": "", "instance": ["checkoutservice", "productcatalogservice"], "source": "checkoutservice", "destination": "productcatalogservice", "start_time": "2025-06-10T01:10:30Z", "end_time": "2025-06-10T01:31:30Z", "uuid": "eb0c4ea8-182", "key_observations": [{"type": "metric", "category": "service_performance", "keyword": ["rrt"]}, {"type": "trace", "subtype": "latency_anomalies", "keyword": ["checkoutservice-2", "frontend-0", "frontend-1", "frontend-2"]}]}
{"fault_category": "pod fault", "fault_type": "pod kill", "instance_type": "pod", "service": "shippingservice", "instance": ["shippingservice-1"], "source": "", "destination": "", "start_time": "2025-06-10T02:10:32Z", "end_time": "2025-06-10T02:10:33Z", "uuid": "d3dd6ed7-183", "key_observations": [{"type": "trace", "subtype": "request_proportion_anomalies", "keyword": ["frontend-2"]}]}
{"fault_category": "jvm fault", "fault_type": "jvm exception", "instance_type": "pod", "service": "adservice", "instance": ["adservice-1"], "source": "", "destination": "", "start_time": "2025-06-10T03:10:34Z", "end_time": "2025-06-10T03:33:34Z", "uuid": "fb327034-184", "key_observations": [{"type": "log", "keyword": ["exception", "error", "failed"]}]}
{"fault_category": "node fault", "fault_type": "node cpu", "instance_type": "node", "service": "", "instance": "aiops-k8s-03", "source": "", "destination": "", "start_time": "2025-06-10T04:10:36Z", "end_time": "2025-06-10T04:26:36Z", "uuid": "1fbef130-185", "key_observations": [{"type": "metric", "category": "node_cpu", "keyword": ["node_cpu_usage_rate"]}]}
{"fault_category": "jvm fault", "fault_type": "jvm exception", "instance_type": "service", "service": "adservice", "instance": "adservice", "source": "", "destination": "", "start_time": "2025-06-10T05:10:38Z", "end_time": "2025-06-10T05:23:38Z", "uuid": "97d37c35-186", "key_observations": [{"type": "log", "keyword": ["exception", "error", "failed", "stall"]}]}
{"fault_category": "jvm fault", "fault_type": "jvm exception", "instance_type": "service", "service": "adservice", "instance": "adservice", "source": "", "destination": "", "start_time": "2025-06-10T06:10:40Z", "end_time": "2025-06-10T06:31:40Z", "uuid": "9b0d8a50-187", "key_observations": [{"type": "log", "keyword": ["exception", "error", "failed", "stall"]}]}
{"fault_category": "pod fault", "fault_type": "pod failure", "instance_type": "pod", "service": "shippingservice", "instance": ["shippingservice-1"], "source": "", "destination": "", "start_time": "2025-06-10T07:10:44Z", "end_time": "2025-06-10T07:28:44Z", "uuid": "7e03b07d-188", "key_observations": [{"type": "log", "keyword": ["error"]}]}
{"fault_category": "pod fault", "fault_type": "pod kill", "instance_type": "pod", "service": "shippingservice", "instance": ["shippingservice-1"], "source": "", "destination": "", "start_time": "2025-06-10T08:10:46Z", "end_time": "2025-06-10T08:10:47Z", "uuid": "96e4b852-189", "key_observations": [{"type": "trace", "subtype": "request_proportion_anomalies", "keyword": ["frontend-1", "frontend-2"]}]}
{"fault_category": "jvm fault", "fault_type": "jvm latency", "instance_type": "service", "service": "adservice", "instance": "adservice", "source": "", "destination": "", "start_time": "2025-06-10T09:10:48Z", "end_time": "2025-06-10T09:27:48Z", "uuid": "7513dbaf-190", "key_observations": [{"type": "metric", "category": "service_performance", "keyword": ["rrt"]}, {"type": "log", "keyword": ["exception", "error", "failed"]}, {"type": "trace", "subtype": "latency_anomalies", "keyword": ["frontend-0", "frontend-1", "frontend-2"]}]}
{"fault_category": "pod fault", "fault_type": "pod failure", "instance_type": "service", "service": "checkoutservice", "instance": "checkoutservice", "source": "", "destination": "", "start_time": "2025-06-10T10:10:50Z", "end_time": "2025-06-10T10:22:50Z", "uuid": "c9832b3e-191", "key_observations": [{"type": "log", "keyword": ["error"]}]}
{"fault_category": "jvm fault", "fault_type": "jvm gc", "instance_type": "service", "service": "adservice", "instance": "adservice", "source": "", "destination": "", "start_time": "2025-06-10T11:10:52Z", "end_time": "2025-06-10T11:28:52Z", "uuid": "e55fb1cb-192", "key_observations": [{"type": "log", "keyword": ["exception", "error", "failed", "stall"]}]}
{"fault_category": "network attack", "fault_type": "network corrupt", "instance_type": "service", "service": "", "instance": ["frontend", "recommendationservice"], "source": "frontend", "destination": "recommendationservice", "start_time": "2025-06-10T12:10:54Z", "end_time": "2025-06-10T12:27:54Z", "uuid": "e4ef8a12-193", "key_observations": [{"type": "metric", "category": "service_performance", "keyword": ["rrt"]}, {"type": "log", "keyword": ["error"]}, {"type": "trace", "subtype": "latency_anomalies", "keyword": ["frontend-0", "frontend-1", "frontend-2", "productcatalogservice-1", "recommendationservice-1"]}, {"type": "trace", "subtype": "request_proportion_anomalies", "keyword": ["checkoutservice-0", "emailservice-0", "emailservice-1", "emailservice-2", "frontend-0", "frontend-1", "frontend-2", "productcatalogservice-2", "shippingservice-1", "shippingservice-2"]}]}
{"fault_category": "node fault", "fault_type": "node disk fill", "instance_type": "node", "service": "", "instance": "aiops-k8s-01", "source": "", "destination": "", "start_time": "2025-06-10T13:10:57Z", "end_time": "2025-06-10T13:21:57Z", "uuid": "913e1ecf-194", "key_observations": []}
{"fault_category": "jvm fault", "fault_type": "jvm latency", "instance_type": "pod", "service": "adservice", "instance": ["adservice-0"], "source": "", "destination": "", "start_time": "2025-06-10T14:10:58Z", "end_time": "2025-06-10T14:28:58Z", "uuid": "7984364a-195", "key_observations": [{"type": "metric", "category": "service_errors", "keyword": ["client_error_ratio", "error_ratio"]}, {"type": "log", "keyword": ["exception", "error", "failed"]}, {"type": "trace", "subtype": "latency_anomalies", "keyword": ["frontend-0", "frontend-1", "frontend-2"]}]}
{"fault_category": "jvm fault", "fault_type": "jvm latency", "instance_type": "pod", "service": "adservice", "instance": ["adservice-2"], "source": "", "destination": "", "start_time": "2025-06-10T15:11:01Z", "end_time": "2025-06-10T15:21:01Z", "uuid": "6a643823-196", "key_observations": [{"type": "log", "keyword": ["exception", "error", "failed"]}]}
{"fault_category": "network attack", "fault_type": "network loss", "instance_type": "service", "service": "", "instance": ["frontend", "checkoutservice"], "source": "frontend", "destination": "checkoutservice", "start_time": "2025-06-10T16:10:01Z", "end_time": "2025-06-10T16:30:01Z", "uuid": "de1d442d-197", "key_observations": [{"type": "log", "keyword": ["error"]}, {"type": "trace", "subtype": "latency_anomalies", "keyword": ["checkoutservice-0", "frontend-0", "frontend-1", "frontend-2"]}, {"type": "trace", "subtype": "request_proportion_anomalies", "keyword": ["frontend-1"]}]}
{"fault_category": "jvm fault", "fault_type": "jvm latency", "instance_type": "pod", "service": "adservice", "instance": ["adservice-0"], "source": "", "destination": "", "start_time": "2025-06-10T17:10:06Z", "end_time": "2025-06-10T17:28:06Z", "uuid": "4229b9c5-198", "key_observations": [{"type": "log", "keyword": ["exception", "error", "failed"]}, {"type": "trace", "subtype": "latency_anomalies", "keyword": ["frontend-0", "frontend-1", "frontend-2"]}]}
{"fault_category": "jvm fault", "fault_type": "jvm gc", "instance_type": "service", "service": "adservice", "instance": "adservice", "source": "", "destination": "", "start_time": "2025-06-10T18:10:08Z", "end_time": "2025-06-10T18:23:08Z", "uuid": "ff15d32c-199", "key_observations": [{"type": "log", "keyword": ["exception", "error", "failed", "stall"]}]}
{"fault_category": "network attack", "fault_type": "network delay", "instance_type": "service", "service": "", "instance": ["frontend", "cartservice"], "source": "frontend", "destination": "cartservice", "start_time": "2025-06-10T19:10:10Z", "end_time": "2025-06-10T19:26:10Z", "uuid": "5c8eb611-200", "key_observations": [{"type": "trace", "subtype": "latency_anomalies", "keyword": ["checkoutservice-2", "frontend-0", "frontend-1", "frontend-2"]}]}
{"fault_category": "node fault", "fault_type": "node disk fill", "instance_type": "node", "service": "", "instance": "aiops-k8s-04", "source": "", "destination": "", "start_time": "2025-06-10T20:10:12Z", "end_time": "2025-06-10T20:34:12Z", "uuid": "40424656-201", "key_observations": []}
{"fault_category": "node fault", "fault_type": "node memory", "instance_type": "node", "service": "", "instance": "aiops-k8s-08", "source": "", "destination": "", "start_time": "2025-06-10T21:10:13Z", "end_time": "2025-06-10T21:26:13Z", "uuid": "a499f40d-202", "key_observations": []}
{"fault_category": "stress test", "fault_type": "cpu stress", "instance_type": "service", "service": "adservice", "instance": "adservice", "source": "", "destination": "", "start_time": "2025-06-10T22:10:17Z", "end_time": "2025-06-10T22:23:17Z", "uuid": "e25d2429-203", "key_observations": [{"type": "trace", "subtype": "latency_anomalies", "keyword": ["frontend-0", "frontend-1", "frontend-2"]}]}
{"fault_category": "node fault", "fault_type": "node disk fill", "instance_type": "node", "service": "", "instance": "aiops-k8s-06", "source": "", "destination": "", "start_time": "2025-06-10T23:10:19Z", "end_time": "2025-06-10T23:23:19Z", "uuid": "eb79e778-204", "key_observations": []}
{"fault_category": "pod fault", "fault_type": "pod failure", "instance_type": "service", "service": "cartservice", "instance": "cartservice", "source": "", "destination": "", "start_time": "2025-06-11T00:10:20Z", "end_time": "2025-06-11T00:28:20Z", "uuid": "56c934bb-205", "key_observations": [{"type": "metric", "category": "service_performance", "keyword": ["rrt"]}, {"type": "metric", "category": "service_performance", "keyword": ["rrt", "timeout"]}, {"type": "log", "keyword": ["error"]}, {"type": "trace", "subtype": "request_proportion_anomalies", "keyword": ["checkoutservice-1", "checkoutservice-2", "frontend-0", "frontend-1", "frontend-2"]}]}
{"fault_category": "jvm fault", "fault_type": "jvm latency", "instance_type": "service", "service": "adservice", "instance": "adservice", "source": "", "destination": "", "start_time": "2025-06-11T01:10:22Z", "end_time": "2025-06-11T01:29:22Z", "uuid": "d9fb014e-206", "key_observations": [{"type": "log", "keyword": ["exception", "error", "failed"]}, {"type": "trace", "subtype": "latency_anomalies", "keyword": ["frontend-0", "frontend-1", "frontend-2"]}]}
{"fault_category": "network attack", "fault_type": "network corrupt", "instance_type": "service", "service": "", "instance": ["checkoutservice", "paymentservice"], "source": "checkoutservice", "destination": "paymentservice", "start_time": "2025-06-11T02:10:29Z", "end_time": "2025-06-11T02:33:29Z", "uuid": "92e5a649-207", "key_observations": [{"type": "metric", "category": "service_performance", "keyword": ["rrt"]}, {"type": "log", "keyword": ["error"]}, {"type": "trace", "subtype": "latency_anomalies", "keyword": ["checkoutservice-1", "checkoutservice-2", "frontend-0", "frontend-1", "frontend-2"]}]}
{"fault_category": "pod fault", "fault_type": "pod kill", "instance_type": "pod", "service": "currencyservice", "instance": ["currencyservice-2"], "source": "", "destination": "", "start_time": "2025-06-11T03:10:31Z", "end_time": "2025-06-11T03:10:32Z", "uuid": "eaf978d7-208", "key_observations": [{"type": "trace", "subtype": "request_proportion_anomalies", "keyword": ["frontend-0", "frontend-1", "shippingservice-0"]}]}
{"fault_category": "jvm fault", "fault_type": "jvm latency", "instance_type": "pod", "service": "adservice", "instance": ["adservice-0"], "source": "", "destination": "", "start_time": "2025-06-11T04:10:33Z", "end_time": "2025-06-11T04:28:33Z", "uuid": "74bd0298-209", "key_observations": [{"type": "log", "keyword": ["exception", "error", "failed"]}, {"type": "trace", "subtype": "latency_anomalies", "keyword": ["frontend-0", "frontend-1", "frontend-2"]}]}
{"fault_category": "jvm fault", "fault_type": "jvm latency", "instance_type": "service", "service": "adservice", "instance": "adservice", "source": "", "destination": "", "start_time": "2025-06-11T05:10:35Z", "end_time": "2025-06-11T05:21:35Z", "uuid": "6a9a1c00-210", "key_observations": [{"type": "log", "keyword": ["exception", "error", "failed"]}, {"type": "trace", "subtype": "latency_anomalies", "keyword": ["frontend-0", "frontend-1", "frontend-2"]}]}
{"fault_category": "jvm fault", "fault_type": "jvm gc", "instance_type": "service", "service": "adservice", "instance": "adservice", "source": "", "destination": "", "start_time": "2025-06-11T06:10:37Z", "end_time": "2025-06-11T06:30:37Z", "uuid": "499d8ec0-211", "key_observations": [{"type": "log", "keyword": ["exception", "error", "failed", "stall"]}]}
{"fault_category": "network attack", "fault_type": "network corrupt", "instance_type": "service", "service": "", "instance": ["checkoutservice", "cartservice"], "source": "checkoutservice", "destination": "cartservice", "start_time": "2025-06-11T07:10:39Z", "end_time": "2025-06-11T07:30:39Z", "uuid": "5a573d9d-212", "key_observations": [{"type": "metric", "category": "service_performance", "keyword": ["rrt"]}, {"type": "log", "keyword": ["error", "failed"]}, {"type": "trace", "subtype": "latency_anomalies", "keyword": ["checkoutservice-1", "checkoutservice-2", "frontend-0", "frontend-1", "frontend-2"]}]}
{"fault_category": "stress test", "fault_type": "memory stress", "instance_type": "pod", "service": "checkoutservice", "instance": ["checkoutservice-1"], "source": "", "destination": "", "start_time": "2025-06-11T08:10:41Z", "end_time": "2025-06-11T08:24:41Z", "uuid": "5d97906f-213", "key_observations": [{"type": "metric", "category": "pod_process", "keyword": ["pod_processes"]}]}
{"fault_category": "node fault", "fault_type": "node memory", "instance_type": "node", "service": "", "instance": "aiops-k8s-06", "source": "", "destination": "", "start_time": "2025-06-11T09:10:43Z", "end_time": "2025-06-11T09:26:43Z", "uuid": "d1e74aa8-214", "key_observations": []}
{"fault_category": "jvm fault", "fault_type": "jvm cpu", "instance_type": "service", "service": "adservice", "instance": "adservice", "source": "", "destination": "", "start_time": "2025-06-11T10:10:44Z", "end_time": "2025-06-11T10:31:44Z", "uuid": "2cce5582-215", "key_observations": [{"type": "metric", "category": "pod_cpu", "keyword": ["pod_cpu_usage"]}, {"type": "metric", "category": "service_performance", "keyword": ["rrt"]}, {"type": "log", "keyword": ["exception", "error", "failed"]}, {"type": "trace", "subtype": "latency_anomalies", "keyword": ["frontend-0", "frontend-1", "frontend-2"]}]}
{"fault_category": "jvm fault", "fault_type": "jvm cpu", "instance_type": "service", "service": "adservice", "instance": "adservice", "source": "", "destination": "", "start_time": "2025-06-11T11:10:46Z", "end_time": "2025-06-11T11:23:46Z", "uuid": "13ebf32d-216", "key_observations": [{"type": "metric", "category": "pod_cpu", "keyword": ["pod_cpu_usage"]}, {"type": "metric", "category": "service_performance", "keyword": ["rrt"]}, {"type": "log", "keyword": ["exception", "error", "failed"]}, {"type": "trace", "subtype": "latency_anomalies", "keyword": ["frontend-0", "frontend-1", "frontend-2"]}]}
{"fault_category": "node fault", "fault_type": "node cpu", "instance_type": "node", "service": "", "instance": "aiops-k8s-07", "source": "", "destination": "", "start_time": "2025-06-11T12:10:49Z", "end_time": "2025-06-11T12:20:49Z", "uuid": "b1dff953-217", "key_observations": [{"type": "metric", "category": "node_cpu", "keyword": ["node_cpu_usage_rate"]}]}
{"fault_category": "jvm fault", "fault_type": "jvm exception", "instance_type": "service", "service": "adservice", "instance": "adservice", "source": "", "destination": "", "start_time": "2025-06-11T13:10:50Z", "end_time": "2025-06-11T13:30:50Z", "uuid": "3ae307d9-218", "key_observations": [{"type": "log", "keyword": ["exception", "error", "failed", "stall"]}]}
{"fault_category": "network attack", "fault_type": "network delay", "instance_type": "service", "service": "", "instance": ["frontend", "currencyservice"], "source": "frontend", "destination": "currencyservice", "start_time": "2025-06-11T14:10:53Z", "end_time": "2025-06-11T14:24:53Z", "uuid": "6e8c4acb-219", "key_observations": [{"type": "metric", "category": "service_performance", "keyword": ["rrt"]}, {"type": "trace", "subtype": "latency_anomalies", "keyword": ["frontend-0", "frontend-1", "frontend-2"]}]}
{"fault_category": "jvm fault", "fault_type": "jvm latency", "instance_type": "service", "service": "adservice", "instance": "adservice", "source": "", "destination": "", "start_time": "2025-06-11T15:10:55Z", "end_time": "2025-06-11T15:31:55Z", "uuid": "aa100326-220", "key_observations": [{"type": "metric", "category": "service_errors", "keyword": ["client_error_ratio", "error_ratio"]}, {"type": "log", "keyword": ["exception", "error", "failed"]}, {"type": "trace", "subtype": "latency_anomalies", "keyword": ["frontend-0", "frontend-1", "frontend-2"]}]}
{"fault_category": "network attack", "fault_type": "network corrupt", "instance_type": "service", "service": "", "instance": ["frontend", "recommendationservice"], "source": "frontend", "destination": "recommendationservice", "start_time": "2025-06-11T16:10:02Z", "end_time": "2025-06-11T16:26:02Z", "uuid": "10889e22-221", "key_observations": [{"type": "log", "keyword": ["error"]}, {"type": "trace", "subtype": "latency_anomalies", "keyword": ["frontend-0", "frontend-1", "frontend-2", "productcatalogservice-1", "productcatalogservice-2"]}, {"type": "trace", "subtype": "request_proportion_anomalies", "keyword": ["checkoutservice-0", "checkoutservice-2", "emailservice-0", "emailservice-2", "frontend-0", "frontend-1", "frontend-2", "shippingservice-1", "shippingservice-2"]}]}
{"fault_category": "network attack", "fault_type": "network delay", "instance_type": "service", "service": "", "instance": ["checkoutservice", "cartservice"], "source": "checkoutservice", "destination": "cartservice", "start_time": "2025-06-11T17:10:04Z", "end_time": "2025-06-11T17:25:04Z", "uuid": "ee77456a-222", "key_observations": [{"type": "trace", "subtype": "latency_anomalies", "keyword": ["checkoutservice-0", "checkoutservice-2", "frontend-0", "frontend-1", "frontend-2"]}]}
{"fault_category": "jvm fault", "fault_type": "jvm exception", "instance_type": "service", "service": "adservice", "instance": "adservice", "source": "", "destination": "", "start_time": "2025-06-11T18:10:06Z", "end_time": "2025-06-11T18:29:06Z", "uuid": "87b43d57-223", "key_observations": [{"type": "log", "keyword": ["exception", "error", "failed", "stall"]}]}
{"fault_category": "network attack", "fault_type": "network corrupt", "instance_type": "service", "service": "", "instance": ["frontend", "productcatalogservice"], "source": "frontend", "destination": "productcatalogservice", "start_time": "2025-06-11T19:10:08Z", "end_time": "2025-06-11T19:28:08Z", "uuid": "53212d72-224", "key_observations": [{"type": "log", "keyword": ["error"]}, {"type": "trace", "subtype": "latency_anomalies", "keyword": ["frontend-0", "frontend-1", "frontend-2", "productcatalogservice-2"]}, {"type": "trace", "subtype": "request_proportion_anomalies", "keyword": ["checkoutservice-0", "checkoutservice-2", "emailservice-0", "emailservice-1", "emailservice-2", "frontend-0", "frontend-1", "frontend-2", "productcatalogservice-1", "shippingservice-1", "shippingservice-2"]}]}
{"fault_category": "node fault", "fault_type": "node memory", "instance_type": "node", "service": "", "instance": "aiops-k8s-08", "source": "", "destination": "", "start_time": "2025-06-11T20:10:10Z", "end_time": "2025-06-11T20:35:10Z", "uuid": "a061c961-225", "key_observations": []}
{"fault_category": "pod fault", "fault_type": "pod kill", "instance_type": "pod", "service": "paymentservice", "instance": ["paymentservice-1"], "source": "", "destination": "", "start_time": "2025-06-11T21:10:11Z", "end_time": "2025-06-11T21:10:12Z", "uuid": "0410d710-226", "key_observations": [{"type": "trace", "subtype": "request_proportion_anomalies", "keyword": ["frontend-1"]}]}
{"fault_category": "network attack", "fault_type": "network loss", "instance_type": "service", "service": "", "instance": ["cartservice", "redis-cart"], "source": "cartservice", "destination": "redis-cart", "start_time": "2025-06-11T22:10:13Z", "end_time": "2025-06-11T22:32:13Z", "uuid": "ffabbbb0-227", "key_observations": [{"type": "log", "keyword": ["error", "failed", "abort", "timeout", "exception", "disconnect", "retry"]}, {"type": "trace", "subtype": "latency_anomalies", "keyword": ["checkoutservice-0", "frontend-1", "frontend-2"]}, {"type": "trace", "subtype": "request_proportion_anomalies", "keyword": ["checkoutservice-0", "frontend-1", "frontend-2"]}]}
{"fault_category": "node fault", "fault_type": "node disk fill", "instance_type": "node", "service": "", "instance": "aiops-k8s-04", "source": "", "destination": "", "start_time": "2025-06-11T23:10:15Z", "end_time": "2025-06-11T23:20:15Z", "uuid": "7e7b6ea4-228", "key_observations": []}
{"fault_category": "stress test", "fault_type": "cpu stress", "instance_type": "pod", "service": "adservice", "instance": ["adservice-2"], "source": "", "destination": "", "start_time": "2025-06-12T00:10:16Z", "end_time": "2025-06-12T00:31:16Z", "uuid": "df11e2f0-229", "key_observations": [{"type": "metric", "category": "pod_process", "keyword": ["pod_processes"]}]}
{"fault_category": "pod fault", "fault_type": "pod failure", "instance_type": "pod", "service": "cartservice", "instance": ["cartservice-1"], "source": "", "destination": "", "start_time": "2025-06-12T01:10:18Z", "end_time": "2025-06-12T01:29:18Z", "uuid": "1193b5d8-230", "key_observations": [{"type": "metric", "category": "service_performance", "keyword": ["rrt", "timeout"]}, {"type": "log", "keyword": ["error"]}]}
{"fault_category": "node fault", "fault_type": "node disk fill", "instance_type": "node", "service": "", "instance": "aiops-k8s-08", "source": "", "destination": "", "start_time": "2025-06-12T02:10:20Z", "end_time": "2025-06-12T02:26:20Z", "uuid": "e4ff5a70-231", "key_observations": [{"type": "metric", "category": "node_cpu", "keyword": ["node_cpu_usage_rate"]}]}
{"fault_category": "node fault", "fault_type": "node cpu", "instance_type": "node", "service": "", "instance": "aiops-k8s-05", "source": "", "destination": "", "start_time": "2025-06-12T03:10:22Z", "end_time": "2025-06-12T03:25:22Z", "uuid": "29f88351-232", "key_observations": [{"type": "metric", "category": "node_cpu", "keyword": ["node_cpu_usage_rate"]}]}
{"fault_category": "pod fault", "fault_type": "pod kill", "instance_type": "pod", "service": "paymentservice", "instance": ["paymentservice-0"], "source": "", "destination": "", "start_time": "2025-06-12T04:16:34Z", "end_time": "2025-06-12T04:16:35Z", "uuid": "d99a98a0-233", "key_observations": [{"type": "trace", "subtype": "latency_anomalies", "keyword": ["frontend-0"]}, {"type": "trace", "subtype": "request_proportion_anomalies", "keyword": ["frontend-0", "frontend-2", "shippingservice-0"]}]}
{"fault_category": "jvm fault", "fault_type": "jvm gc", "instance_type": "pod", "service": "adservice", "instance": ["adservice-0"], "source": "", "destination": "", "start_time": "2025-06-12T05:16:36Z", "end_time": "2025-06-12T05:29:36Z", "uuid": "ee69c707-234", "key_observations": [{"type": "log", "keyword": ["exception", "error", "failed", "stall"]}]}
{"fault_category": "pod fault", "fault_type": "pod kill", "instance_type": "pod", "service": "adservice", "instance": ["adservice-1"], "source": "", "destination": "", "start_time": "2025-06-12T06:16:38Z", "end_time": "2025-06-12T06:16:39Z", "uuid": "bc9db995-235", "key_observations": []}
{"fault_category": "jvm fault", "fault_type": "jvm gc", "instance_type": "pod", "service": "adservice", "instance": ["adservice-0"], "source": "", "destination": "", "start_time": "2025-06-12T07:02:46Z", "end_time": "2025-06-12T07:26:46Z", "uuid": "4be46c92-236", "key_observations": [{"type": "log", "keyword": ["exception", "error", "failed", "stall"]}]}
{"fault_category": "jvm fault", "fault_type": "jvm cpu", "instance_type": "pod", "service": "adservice", "instance": ["adservice-0"], "source": "", "destination": "", "start_time": "2025-06-12T08:02:48Z", "end_time": "2025-06-12T08:25:48Z", "uuid": "8c1e8ce9-237", "key_observations": [{"type": "metric", "category": "pod_cpu", "keyword": ["pod_cpu_usage"]}, {"type": "metric", "category": "service_performance", "keyword": ["rrt"]}, {"type": "log", "keyword": ["exception", "error", "failed"]}, {"type": "trace", "subtype": "latency_anomalies", "keyword": ["frontend-0", "frontend-1", "frontend-2"]}]}
{"fault_category": "jvm fault", "fault_type": "jvm cpu", "instance_type": "pod", "service": "adservice", "instance": ["adservice-1"], "source": "", "destination": "", "start_time": "2025-06-12T09:02:50Z", "end_time": "2025-06-12T09:15:50Z", "uuid": "f887d7ff-238", "key_observations": []}
{"fault_category": "network attack", "fault_type": "network loss", "instance_type": "service", "service": "", "instance": ["recommendationservice", "productcatalogservice"], "source": "recommendationservice", "destination": "productcatalogservice", "start_time": "2025-06-12T10:02:52Z", "end_time": "2025-06-12T10:18:52Z", "uuid": "bc6f6978-239", "key_observations": [{"type": "log", "keyword": ["error"]}, {"type": "trace", "subtype": "latency_anomalies", "keyword": ["frontend-0", "frontend-1", "frontend-2", "productcatalogservice-2", "recommendationservice-2"]}, {"type": "trace", "subtype": "request_proportion_anomalies", "keyword": ["checkoutservice-2", "emailservice-2", "frontend-0", "frontend-1", "frontend-2", "shippingservice-2"]}]}
{"fault_category": "jvm fault", "fault_type": "jvm exception", "instance_type": "service", "service": "adservice", "instance": "adservice", "source": "", "destination": "", "start_time": "2025-06-12T11:02:54Z", "end_time": "2025-06-12T11:17:54Z", "uuid": "980853cb-240", "key_observations": [{"type": "log", "keyword": ["exception", "error", "failed", "stall"]}]}
{"fault_category": "node fault", "fault_type": "node cpu", "instance_type": "node", "service": "", "instance": "aiops-k8s-08", "source": "", "destination": "", "start_time": "2025-06-12T13:03:02Z", "end_time": "2025-06-12T13:14:02Z", "uuid": "1fb24317-241", "key_observations": [{"type": "metric", "category": "node_cpu", "keyword": ["node_cpu_usage_rate"]}]}
{"fault_category": "pod fault", "fault_type": "pod failure", "instance_type": "pod", "service": "emailservice", "instance": ["emailservice-2"], "source": "", "destination": "", "start_time": "2025-06-12T14:03:03Z", "end_time": "2025-06-12T14:25:03Z", "uuid": "36e2b5c1-242", "key_observations": []}
{"fault_category": "stress test", "fault_type": "memory stress", "instance_type": "service", "service": "adservice", "instance": "adservice", "source": "", "destination": "", "start_time": "2025-06-12T15:03:05Z", "end_time": "2025-06-12T15:25:05Z", "uuid": "f643fe98-243", "key_observations": [{"type": "metric", "category": "pod_network", "keyword": ["pod_network_transmit_bytes", "pod_network_transmit_packets", "pod_network_receive_packets", "pod_network_receive_bytes"]}, {"type": "metric", "category": "service_performance", "keyword": ["request", "response"]}]}
{"fault_category": "pod fault", "fault_type": "pod failure", "instance_type": "service", "service": "emailservice", "instance": "emailservice", "source": "", "destination": "", "start_time": "2025-06-12T16:10:02Z", "end_time": "2025-06-12T16:21:02Z", "uuid": "98eacd31-244", "key_observations": [{"type": "log", "keyword": ["unavailable", "error", "failed", "refused"]}]}
{"fault_category": "node fault", "fault_type": "node memory", "instance_type": "node", "service": "", "instance": "aiops-k8s-06", "source": "", "destination": "", "start_time": "2025-06-12T17:10:04Z", "end_time": "2025-06-12T17:25:04Z", "uuid": "d4cf6596-245", "key_observations": []}
{"fault_category": "jvm fault", "fault_type": "jvm latency", "instance_type": "pod", "service": "adservice", "instance": ["adservice-0"], "source": "", "destination": "", "start_time": "2025-06-12T18:10:05Z", "end_time": "2025-06-12T18:33:05Z", "uuid": "bdc8184e-246", "key_observations": []}
{"fault_category": "stress test", "fault_type": "memory stress", "instance_type": "service", "service": "emailservice", "instance": "emailservice", "source": "", "destination": "", "start_time": "2025-06-12T19:10:07Z", "end_time": "2025-06-12T19:28:07Z", "uuid": "741b801a-247", "key_observations": []}
{"fault_category": "network attack", "fault_type": "network loss", "instance_type": "service", "service": "", "instance": ["frontend", "cartservice"], "source": "frontend", "destination": "cartservice", "start_time": "2025-06-12T20:10:09Z", "end_time": "2025-06-12T20:30:09Z", "uuid": "5645565c-248", "key_observations": [{"type": "log", "keyword": ["error"]}, {"type": "trace", "subtype": "latency_anomalies", "keyword": ["frontend-0", "frontend-1", "frontend-2"]}, {"type": "trace", "subtype": "request_proportion_anomalies", "keyword": ["checkoutservice-0", "checkoutservice-2", "emailservice-0", "emailservice-1", "emailservice-2", "frontend-0", "frontend-2", "shippingservice-1", "shippingservice-2"]}]}
{"fault_category": "network attack", "fault_type": "network delay", "instance_type": "service", "service": "", "instance": ["frontend", "adservice"], "source": "frontend", "destination": "adservice", "start_time": "2025-06-12T21:10:11Z", "end_time": "2025-06-12T21:26:11Z", "uuid": "8c7ed41d-249", "key_observations": [{"type": "log", "keyword": ["exception", "error", "failed"]}, {"type": "trace", "subtype": "latency_anomalies", "keyword": ["frontend-0", "frontend-1", "frontend-2"]}]}
{"fault_category": "pod fault", "fault_type": "pod kill", "instance_type": "service", "service": "paymentservice", "instance": "paymentservice", "source": "", "destination": "", "start_time": "2025-06-12T22:10:13Z", "end_time": "2025-06-12T22:10:14Z", "uuid": "6574656a-250", "key_observations": [{"type": "trace", "subtype": "request_proportion_anomalies", "keyword": ["frontend-1"]}]}
{"fault_category": "jvm fault", "fault_type": "jvm exception", "instance_type": "service", "service": "adservice", "instance": "adservice", "source": "", "destination": "", "start_time": "2025-06-12T23:10:15Z", "end_time": "2025-06-12T23:29:15Z", "uuid": "4664a5e8-251", "key_observations": [{"type": "log", "keyword": ["exception", "error", "failed", "stall"]}]}
{"fault_category": "jvm fault", "fault_type": "jvm cpu", "instance_type": "pod", "service": "adservice", "instance": ["adservice-0"], "source": "", "destination": "", "start_time": "2025-06-13T00:10:22Z", "end_time": "2025-06-13T00:35:22Z", "uuid": "91c4c773-252", "key_observations": [{"type": "metric", "category": "pod_cpu", "keyword": ["pod_cpu_usage"]}, {"type": "log", "keyword": ["exception", "error", "failed"]}]}
{"fault_category": "node fault", "fault_type": "node memory", "instance_type": "node", "service": "", "instance": "aiops-k8s-04", "source": "", "destination": "", "start_time": "2025-06-13T01:10:24Z", "end_time": "2025-06-13T01:24:24Z", "uuid": "958ecb16-253", "key_observations": [{"type": "metric", "category": "node_memory", "keyword": ["node_memory_usage_rate"]}]}
{"fault_category": "node fault", "fault_type": "node memory", "instance_type": "node", "service": "", "instance": "aiops-k8s-07", "source": "", "destination": "", "start_time": "2025-06-13T02:10:25Z", "end_time": "2025-06-13T02:28:25Z", "uuid": "71964944-254", "key_observations": []}
{"fault_category": "node fault", "fault_type": "node cpu", "instance_type": "node", "service": "", "instance": "aiops-k8s-08", "source": "", "destination": "", "start_time": "2025-06-13T03:10:30Z", "end_time": "2025-06-13T03:33:30Z", "uuid": "d36dd82b-255", "key_observations": [{"type": "metric", "category": "node_cpu", "keyword": ["node_cpu_usage_rate"]}]}
{"fault_category": "network attack", "fault_type": "network delay", "instance_type": "service", "service": "", "instance": ["checkoutservice", "currencyservice"], "source": "checkoutservice", "destination": "currencyservice", "start_time": "2025-06-13T04:10:46Z", "end_time": "2025-06-13T04:34:46Z", "uuid": "14cf33ba-256", "key_observations": [{"type": "metric", "category": "service_performance", "keyword": ["rrt"]}, {"type": "trace", "subtype": "latency_anomalies", "keyword": ["checkoutservice-0", "checkoutservice-2", "frontend-0", "frontend-1", "frontend-2"]}]}
{"fault_category": "jvm fault", "fault_type": "jvm latency", "instance_type": "pod", "service": "adservice", "instance": ["adservice-0"], "source": "", "destination": "", "start_time": "2025-06-13T05:10:48Z", "end_time": "2025-06-13T05:31:48Z", "uuid": "f35a1832-257", "key_observations": [{"type": "log", "keyword": ["exception", "error", "failed"]}]}
{"fault_category": "pod fault", "fault_type": "pod failure", "instance_type": "pod", "service": "adservice", "instance": ["adservice-0"], "source": "", "destination": "", "start_time": "2025-06-13T06:10:51Z", "end_time": "2025-06-13T06:33:51Z", "uuid": "f62b1785-258", "key_observations": [{"type": "log", "keyword": ["error"]}]}
{"fault_category": "jvm fault", "fault_type": "jvm latency", "instance_type": "pod", "service": "adservice", "instance": ["adservice-0"], "source": "", "destination": "", "start_time": "2025-06-13T07:10:53Z", "end_time": "2025-06-13T07:24:53Z", "uuid": "aa53ee7c-259", "key_observations": []}
{"fault_category": "stress test", "fault_type": "cpu stress", "instance_type": "service", "service": "recommendationservice", "instance": "recommendationservice", "source": "", "destination": "", "start_time": "2025-06-13T08:10:54Z", "end_time": "2025-06-13T08:24:54Z", "uuid": "c730da7b-260", "key_observations": [{"type": "metric", "category": "pod_process", "keyword": ["pod_processes"]}, {"type": "metric", "category": "pod_cpu", "keyword": ["pod_cpu_usage"]}, {"type": "metric", "category": "service_performance", "keyword": ["rrt"]}, {"type": "trace", "subtype": "latency_anomalies", "keyword": ["frontend-0", "frontend-1", "frontend-2", "recommendationservice-2"]}]}
{"fault_category": "node fault", "fault_type": "node memory", "instance_type": "node", "service": "", "instance": "aiops-k8s-01", "source": "", "destination": "", "start_time": "2025-06-13T09:10:56Z", "end_time": "2025-06-13T09:22:56Z", "uuid": "db4628f8-261", "key_observations": []}
{"fault_category": "pod fault", "fault_type": "pod failure", "instance_type": "service", "service": "shippingservice", "instance": "shippingservice", "source": "", "destination": "", "start_time": "2025-06-13T10:10:58Z", "end_time": "2025-06-13T10:32:58Z", "uuid": "a7b21b38-262", "key_observations": [{"type": "log", "keyword": ["error"]}]}
{"fault_category": "stress test", "fault_type": "cpu stress", "instance_type": "service", "service": "recommendationservice", "instance": "recommendationservice", "source": "", "destination": "", "start_time": "2025-06-13T11:11:00Z", "end_time": "2025-06-13T11:34:00Z", "uuid": "757fa56f-263", "key_observations": [{"type": "metric", "category": "pod_process", "keyword": ["pod_processes"]}, {"type": "metric", "category": "pod_cpu", "keyword": ["pod_cpu_usage"]}, {"type": "metric", "category": "service_performance", "keyword": ["rrt"]}, {"type": "trace", "subtype": "latency_anomalies", "keyword": ["checkoutservice-2", "frontend-0", "frontend-1", "frontend-2", "recommendationservice-2"]}]}
{"fault_category": "pod fault", "fault_type": "pod failure", "instance_type": "service", "service": "adservice", "instance": "adservice", "source": "", "destination": "", "start_time": "2025-06-13T12:11:14Z", "end_time": "2025-06-13T12:24:14Z", "uuid": "d8a41a9d-264", "key_observations": []}
{"fault_category": "stress test", "fault_type": "cpu stress", "instance_type": "pod", "service": "shippingservice", "instance": ["shippingservice-0"], "source": "", "destination": "", "start_time": "2025-06-13T13:11:19Z", "end_time": "2025-06-13T13:29:19Z", "uuid": "b06b79b6-265", "key_observations": [{"type": "metric", "category": "pod_process", "keyword": ["pod_processes"]}]}
{"fault_category": "network attack", "fault_type": "network corrupt", "instance_type": "service", "service": "", "instance": ["frontend", "cartservice"], "source": "frontend", "destination": "cartservice", "start_time": "2025-06-13T14:11:24Z", "end_time": "2025-06-13T14:21:24Z", "uuid": "49e9814e-266", "key_observations": [{"type": "metric", "category": "service_performance", "keyword": ["rrt"]}]}
{"fault_category": "jvm fault", "fault_type": "jvm exception", "instance_type": "pod", "service": "adservice", "instance": ["adservice-2"], "source": "", "destination": "", "start_time": "2025-06-13T15:11:27Z", "end_time": "2025-06-13T15:35:27Z", "uuid": "d0c7cd07-267", "key_observations": []}
{"fault_category": "jvm fault", "fault_type": "jvm cpu", "instance_type": "service", "service": "adservice", "instance": "adservice", "source": "", "destination": "", "start_time": "2025-06-13T16:10:02Z", "end_time": "2025-06-13T16:22:02Z", "uuid": "25368410-268", "key_observations": [{"type": "log", "keyword": ["exception", "error", "failed"]}]}
{"fault_category": "network attack", "fault_type": "network loss", "instance_type": "service", "service": "", "instance": ["recommendationservice", "productcatalogservice"], "source": "recommendationservice", "destination": "productcatalogservice", "start_time": "2025-06-13T17:10:04Z", "end_time": "2025-06-13T17:20:04Z", "uuid": "37de08d4-269", "key_observations": [{"type": "log", "keyword": ["error"]}, {"type": "trace", "subtype": "latency_anomalies", "keyword": ["checkoutservice-0", "checkoutservice-2", "frontend-0", "frontend-1", "frontend-2", "recommendationservice-2"]}, {"type": "trace", "subtype": "request_proportion_anomalies", "keyword": ["checkoutservice-0", "checkoutservice-2", "emailservice-0", "emailservice-2", "frontend-0", "frontend-1", "frontend-2", "productcatalogservice-2"]}]}
{"fault_category": "stress test", "fault_type": "memory stress", "instance_type": "pod", "service": "currencyservice", "instance": ["currencyservice-2"], "source": "", "destination": "", "start_time": "2025-06-13T18:10:08Z", "end_time": "2025-06-13T18:20:08Z", "uuid": "c6e9faa0-270", "key_observations": [{"type": "log", "keyword": ["error"]}]}
{"fault_category": "jvm fault", "fault_type": "jvm gc", "instance_type": "pod", "service": "adservice", "instance": ["adservice-0"], "source": "", "destination": "", "start_time": "2025-06-13T19:10:10Z", "end_time": "2025-06-13T19:34:10Z", "uuid": "864797d5-271", "key_observations": [{"type": "log", "keyword": ["exception", "error", "failed", "stall"]}]}
{"fault_category": "stress test", "fault_type": "memory stress", "instance_type": "pod", "service": "shippingservice", "instance": ["shippingservice-0"], "source": "", "destination": "", "start_time": "2025-06-13T20:10:13Z", "end_time": "2025-06-13T20:33:13Z", "uuid": "4b8e459c-272", "key_observations": []}
{"fault_category": "node fault", "fault_type": "node memory", "instance_type": "node", "service": "", "instance": "aiops-k8s-06", "source": "", "destination": "", "start_time": "2025-06-13T21:10:15Z", "end_time": "2025-06-13T21:20:15Z", "uuid": "535dd1bd-273", "key_observations": []}
{"fault_category": "node fault", "fault_type": "node memory", "instance_type": "node", "service": "", "instance": "aiops-k8s-01", "source": "", "destination": "", "start_time": "2025-06-13T22:10:16Z", "end_time": "2025-06-13T22:31:16Z", "uuid": "099ce7e2-274", "key_observations": [{"type": "log", "keyword": ["error"]}, {"type": "trace", "subtype": "latency_anomalies", "keyword": ["frontend-0", "frontend-1", "frontend-2"]}]}
{"fault_category": "stress test", "fault_type": "cpu stress", "instance_type": "pod", "service": "checkoutservice", "instance": ["checkoutservice-0"], "source": "", "destination": "", "start_time": "2025-06-13T23:10:17Z", "end_time": "2025-06-13T23:22:17Z", "uuid": "7e54232b-275", "key_observations": [{"type": "trace", "subtype": "latency_anomalies", "keyword": ["checkoutservice-0", "frontend-1", "frontend-2"]}]}
{"fault_category": "node fault", "fault_type": "node memory", "instance_type": "node", "service": "", "instance": "aiops-k8s-08", "source": "", "destination": "", "start_time": "2025-06-14T00:10:19Z", "end_time": "2025-06-14T00:30:19Z", "uuid": "f5d0349a-276", "key_observations": []}
{"fault_category": "stress test", "fault_type": "memory stress", "instance_type": "pod", "service": "paymentservice", "instance": ["paymentservice-1"], "source": "", "destination": "", "start_time": "2025-06-14T01:10:20Z", "end_time": "2025-06-14T01:22:20Z", "uuid": "4e221a94-277", "key_observations": [{"type": "metric", "category": "pod_process", "keyword": ["pod_processes"]}, {"type": "log", "keyword": ["error"]}]}
{"fault_category": "jvm fault", "fault_type": "jvm gc", "instance_type": "pod", "service": "adservice", "instance": ["adservice-1"], "source": "", "destination": "", "start_time": "2025-06-14T02:10:22Z", "end_time": "2025-06-14T02:27:22Z", "uuid": "a1b60eea-278", "key_observations": [{"type": "log", "keyword": ["exception", "error", "failed", "stall"]}]}
{"fault_category": "network attack", "fault_type": "network corrupt", "instance_type": "service", "service": "", "instance": ["frontend", "productcatalogservice"], "source": "frontend", "destination": "productcatalogservice", "start_time": "2025-06-14T03:10:24Z", "end_time": "2025-06-14T03:28:24Z", "uuid": "825545e5-279", "key_observations": [{"type": "metric", "category": "service_performance", "keyword": ["rrt"]}, {"type": "log", "keyword": ["error"]}, {"type": "trace", "subtype": "latency_anomalies", "keyword": ["frontend-0", "frontend-1", "frontend-2"]}, {"type": "trace", "subtype": "request_proportion_anomalies", "keyword": ["checkoutservice-0", "checkoutservice-2", "emailservice-0", "emailservice-1", "emailservice-2", "frontend-0", "frontend-1", "frontend-2", "productcatalogservice-2", "shippingservice-0", "shippingservice-2"]}]}
{"fault_category": "node fault", "fault_type": "node cpu", "instance_type": "node", "service": "", "instance": "aiops-k8s-06", "source": "", "destination": "", "start_time": "2025-06-14T04:10:26Z", "end_time": "2025-06-14T04:35:26Z", "uuid": "e955714b-280", "key_observations": [{"type": "metric", "category": "node_cpu", "keyword": ["node_cpu_usage_rate"]}]}
{"fault_category": "pod fault", "fault_type": "pod failure", "instance_type": "service", "service": "adservice", "instance": "adservice", "source": "", "destination": "", "start_time": "2025-06-14T05:10:28Z", "end_time": "2025-06-14T05:31:28Z", "uuid": "de83df2d-281", "key_observations": [{"type": "log", "keyword": ["error", "failed"]}]}
{"fault_category": "network attack", "fault_type": "network corrupt", "instance_type": "service", "service": "", "instance": ["checkoutservice", "cartservice"], "source": "checkoutservice", "destination": "cartservice", "start_time": "2025-06-14T06:10:30Z", "end_time": "2025-06-14T06:31:30Z", "uuid": "9c3b8fe7-282", "key_observations": [{"type": "metric", "category": "service_performance", "keyword": ["rrt"]}, {"type": "log", "keyword": ["error", "failed"]}, {"type": "trace", "subtype": "latency_anomalies", "keyword": ["checkoutservice-0", "checkoutservice-2", "frontend-0", "frontend-1", "frontend-2"]}, {"type": "trace", "subtype": "request_proportion_anomalies", "keyword": ["frontend-1", "productcatalogservice-1"]}]}
{"fault_category": "stress test", "fault_type": "memory stress", "instance_type": "service", "service": "currencyservice", "instance": "currencyservice", "source": "", "destination": "", "start_time": "2025-06-14T07:10:32Z", "end_time": "2025-06-14T07:21:32Z", "uuid": "84f4b04a-283", "key_observations": [{"type": "metric", "category": "pod_process", "keyword": ["pod_processes"]}, {"type": "metric", "category": "pod_network", "keyword": ["pod_network_transmit_bytes", "pod_network_transmit_packets", "pod_network_receive_packets", "pod_network_receive_bytes"]}, {"type": "metric", "category": "service_performance", "keyword": ["request", "response"]}, {"type": "log", "keyword": ["error"]}]}
{"fault_category": "node fault", "fault_type": "node disk fill", "instance_type": "node", "service": "", "instance": "aiops-k8s-05", "source": "", "destination": "", "start_time": "2025-06-14T08:10:34Z", "end_time": "2025-06-14T08:27:34Z", "uuid": "e4dae239-284", "key_observations": [{"type": "metric", "category": "node_filesystem", "keyword": ["node_filesystem_usage_rate"]}]}
{"fault_category": "pod fault", "fault_type": "pod failure", "instance_type": "service", "service": "productcatalogservice", "instance": "productcatalogservice", "source": "", "destination": "", "start_time": "2025-06-14T09:10:35Z", "end_time": "2025-06-14T09:32:35Z", "uuid": "11f619f0-285", "key_observations": [{"type": "metric", "category": "service_performance", "keyword": ["timeout"]}, {"type": "log", "keyword": ["exception", "error", "failed"]}, {"type": "trace", "subtype": "request_proportion_anomalies", "keyword": ["checkoutservice-0", "checkoutservice-2", "emailservice-0", "emailservice-1", "emailservice-2", "frontend-0", "frontend-1", "frontend-2", "shippingservice-0", "shippingservice-2"]}]}
{"fault_category": "network attack", "fault_type": "network delay", "instance_type": "service", "service": "", "instance": ["recommendationservice", "productcatalogservice"], "source": "recommendationservice", "destination": "productcatalogservice", "start_time": "2025-06-14T10:10:38Z", "end_time": "2025-06-14T10:26:38Z", "uuid": "3da57a36-286", "key_observations": [{"type": "metric", "category": "service_performance", "keyword": ["rrt"]}, {"type": "trace", "subtype": "latency_anomalies", "keyword": ["frontend-0", "frontend-1", "frontend-2", "recommendationservice-2"]}]}
{"fault_category": "jvm fault", "fault_type": "jvm gc", "instance_type": "pod", "service": "adservice", "instance": ["adservice-1"], "source": "", "destination": "", "start_time": "2025-06-14T11:10:40Z", "end_time": "2025-06-14T11:25:40Z", "uuid": "04418665-287", "key_observations": [{"type": "log", "keyword": ["error", "failed", "stall"]}]}
{"fault_category": "pod fault", "fault_type": "pod failure", "instance_type": "pod", "service": "paymentservice", "instance": ["paymentservice-2"], "source": "", "destination": "", "start_time": "2025-06-14T12:10:42Z", "end_time": "2025-06-14T12:34:42Z", "uuid": "27914c5a-288", "key_observations": [{"type": "log", "keyword": ["error"]}]}
{"fault_category": "network attack", "fault_type": "network delay", "instance_type": "service", "service": "", "instance": ["checkoutservice", "cartservice"], "source": "checkoutservice", "destination": "cartservice", "start_time": "2025-06-14T13:10:45Z", "end_time": "2025-06-14T13:25:45Z", "uuid": "53d5d618-289", "key_observations": [{"type": "metric", "category": "service_performance", "keyword": ["rrt"]}, {"type": "trace", "subtype": "latency_anomalies", "keyword": ["checkoutservice-0", "checkoutservice-2", "frontend-0", "frontend-1", "frontend-2"]}]}
{"fault_category": "node fault", "fault_type": "node cpu", "instance_type": "node", "service": "", "instance": "aiops-k8s-05", "source": "", "destination": "", "start_time": "2025-06-14T14:10:47Z", "end_time": "2025-06-14T14:31:47Z", "uuid": "a63a0c8b-290", "key_observations": [{"type": "metric", "category": "node_cpu", "keyword": ["node_cpu_usage_rate"]}]}
{"fault_category": "jvm fault", "fault_type": "jvm cpu", "instance_type": "service", "service": "adservice", "instance": "adservice", "source": "", "destination": "", "start_time": "2025-06-14T15:10:48Z", "end_time": "2025-06-14T15:25:48Z", "uuid": "f370cf6d-291", "key_observations": [{"type": "metric", "category": "pod_cpu", "keyword": ["pod_cpu_usage"]}, {"type": "log", "keyword": ["exception", "error", "failed"]}]}
